,bitcoinprice,goldprice,market,riskfreerate
2016-01-01,435.66,395.0,,0.26
2016-01-02,435.4,395.0,,0.26
2016-01-03,431.91,395.0,,0.26
2016-01-04,433.85,395.0,2012.66,0.26
2016-01-05,433.34,395.0,2016.71,0.26
2016-01-06,430.87,395.0,1990.26,0.26
2016-01-07,459.07,395.0,1943.09,0.26
2016-01-08,454.44,395.0,1922.03,0.26
2016-01-09,450.38,395.0,1922.03,0.26
2016-01-10,449.99,395.0,1922.03,0.26
2016-01-11,449.19,395.0,1923.67,0.26
2016-01-12,434.01,395.0,1938.68,0.26
2016-01-13,432.77,395.0,1890.28,0.26
2016-01-14,430.03,395.0,1921.84,0.26
2016-01-15,357.53,395.0,1880.33,0.26
2016-01-16,388.7,395.0,1880.33,0.26
2016-01-17,378.46,395.0,1880.33,0.26
2016-01-18,384.89,395.0,1880.33,0.26
2016-01-19,375.27,395.0,1881.33,0.26
2016-01-20,418.54,395.0,1859.33,0.26
2016-01-21,409.38,395.0,1868.99,0.26
2016-01-22,382.9,395.0,1906.9,0.26
2016-01-23,387.5,395.0,1906.9,0.26
2016-01-24,403.05,395.0,1906.9,0.26
2016-01-25,391.4,395.0,1877.08,0.26
2016-01-26,391.54,395.0,1903.63,0.26
2016-01-27,394.79,395.0,1882.95,0.26
2016-01-28,379.61,395.0,1893.36,0.26
2016-01-29,378.68,395.0,1940.24,0.26
2016-01-30,378.46,395.0,1940.24,0.26
2016-01-31,367.95,395.0,1940.24,0.26
2016-02-01,371.33,412.4,1939.38,0.31
2016-02-02,372.93,412.4,1903.03,0.31
2016-02-03,368.87,412.4,1912.53,0.31
2016-02-04,387.99,412.4,1915.45,0.31
2016-02-05,384.5,412.4,1880.05,0.31
2016-02-06,375.44,412.4,1880.05,0.31
2016-02-07,377.49,412.4,1880.05,0.31
2016-02-08,371.14,412.4,1853.44,0.31
2016-02-09,372.68,412.4,1852.21,0.31
2016-02-10,378.44,412.4,1851.86,0.31
2016-02-11,378.23,412.4,1829.08,0.31
2016-02-12,382.05,412.4,1864.78,0.31
2016-02-13,391.0,412.4,1864.78,0.31
2016-02-14,406.59,412.4,1864.78,0.31
2016-02-15,398.95,412.4,1864.78,0.31
2016-02-16,407.42,412.4,1895.58,0.31
2016-02-17,415.2,412.4,1926.82,0.31
2016-02-18,421.19,412.4,1917.83,0.31
2016-02-19,420.72,412.4,1917.78,0.31
2016-02-20,437.46,412.4,1917.78,0.31
2016-02-21,438.56,412.4,1917.78,0.31
2016-02-22,437.55,412.4,1945.5,0.31
2016-02-23,419.97,412.4,1921.27,0.31
2016-02-24,423.94,412.4,1929.8,0.31
2016-02-25,423.54,412.4,1951.7,0.31
2016-02-26,430.85,412.4,1948.05,0.31
2016-02-27,433.12,412.4,1948.05,0.31
2016-02-28,433.73,412.4,1948.05,0.31
2016-02-29,436.44,412.4,1932.23,0.31
2016-03-01,433.08,451.2,1978.35,0.29
2016-03-02,420.39,451.2,1986.45,0.29
2016-03-03,418.8,451.2,1993.4,0.29
2016-03-04,407.35,451.2,1999.99,0.29
2016-03-05,396.08,451.2,1999.99,0.29
2016-03-06,403.24,451.2,1999.99,0.29
2016-03-07,412.21,451.2,2001.76,0.29
2016-03-08,411.18,451.2,1979.26,0.29
2016-03-09,412.8,451.2,1989.26,0.29
2016-03-10,415.98,451.2,1989.57,0.29
2016-03-11,419.39,451.2,2022.19,0.29
2016-03-12,410.58,451.2,2022.19,0.29
2016-03-13,412.52,451.2,2022.19,0.29
2016-03-14,415.02,451.2,2019.64,0.29
2016-03-15,415.41,451.2,2015.93,0.29
2016-03-16,416.07,451.2,2027.22,0.29
2016-03-17,418.41,451.2,2040.59,0.29
2016-03-18,409.65,451.2,2049.58,0.29
2016-03-19,410.2,451.2,2049.58,0.29
2016-03-20,411.27,451.2,2049.58,0.29
2016-03-21,412.0,451.2,2051.6,0.29
2016-03-22,416.66,451.2,2049.8,0.29
2016-03-23,417.53,451.2,2036.71,0.29
2016-03-24,412.95,451.2,2035.94,0.29
2016-03-25,416.41,451.2,2035.94,0.29
2016-03-26,416.97,451.2,2035.94,0.29
2016-03-27,425.3,451.2,2035.94,0.29
2016-03-28,423.0,451.2,2037.05,0.29
2016-03-29,416.39,451.2,2055.01,0.29
2016-03-30,412.79,451.2,2063.95,0.29
2016-03-31,416.03,451.2,2059.74,0.29
2016-04-01,417.68,445.4,2072.78,0.23
2016-04-02,419.95,445.4,2072.78,0.23
2016-04-03,420.16,445.4,2072.78,0.23
2016-04-04,419.47,445.4,2066.13,0.23
2016-04-05,422.36,445.4,2045.17,0.23
2016-04-06,421.46,445.4,2066.66,0.23
2016-04-07,421.99,445.4,2041.91,0.23
2016-04-08,419.48,445.4,2047.6,0.23
2016-04-09,419.46,445.4,2047.6,0.23
2016-04-10,423.4,445.4,2047.6,0.23
2016-04-11,423.94,445.4,2041.99,0.23
2016-04-12,427.8,445.4,2061.72,0.23
2016-04-13,425.58,445.4,2082.42,0.23
2016-04-14,426.32,445.4,2082.78,0.23
2016-04-15,430.93,445.4,2080.73,0.23
2016-04-16,433.39,445.4,2080.73,0.23
2016-04-17,431.0,445.4,2080.73,0.23
2016-04-18,430.97,445.4,2094.34,0.23
2016-04-19,437.06,445.4,2100.8,0.23
2016-04-20,442.96,445.4,2102.4,0.23
2016-04-21,452.25,445.4,2091.48,0.23
2016-04-22,448.41,445.4,2091.58,0.23
2016-04-23,455.69,445.4,2091.58,0.23
2016-04-24,464.46,445.4,2091.58,0.23
2016-04-25,466.17,445.4,2087.79,0.23
2016-04-26,470.59,445.4,2091.7,0.23
2016-04-27,445.31,445.4,2095.15,0.23
2016-04-28,451.68,445.4,2075.81,0.23
2016-04-29,458.82,445.4,2065.3,0.23
2016-04-30,454.02,445.4,2065.3,0.23
2016-05-01,456.98,465.7,2065.3,0.27
2016-05-02,446.42,465.7,2081.43,0.27
2016-05-03,452.21,465.7,2063.37,0.27
2016-05-04,448.68,465.7,2051.12,0.27
2016-05-05,449.98,465.7,2050.63,0.27
2016-05-06,462.31,465.7,2057.14,0.27
2016-05-07,461.91,465.7,2057.14,0.27
2016-05-08,462.79,465.7,2057.14,0.27
2016-05-09,464.16,465.7,2058.69,0.27
2016-05-10,452.78,465.7,2084.39,0.27
2016-05-11,454.37,465.7,2064.46,0.27
2016-05-12,456.48,465.7,2064.11,0.27
2016-05-13,457.98,465.7,2046.61,0.27
2016-05-14,458.9,465.7,2046.61,0.27
2016-05-15,461.47,465.7,2046.61,0.27
2016-05-16,455.66,465.7,2066.66,0.27
2016-05-17,454.19,465.7,2047.21,0.27
2016-05-18,455.56,465.7,2047.63,0.27
2016-05-19,438.38,465.7,2040.04,0.27
2016-05-20,445.65,465.7,2052.32,0.27
2016-05-21,446.28,465.7,2052.32,0.27
2016-05-22,442.48,465.7,2052.32,0.27
2016-05-23,445.67,465.7,2048.04,0.27
2016-05-24,446.99,465.7,2076.06,0.27
2016-05-25,451.49,465.7,2090.54,0.27
2016-05-26,454.97,465.7,2090.1,0.27
2016-05-27,471.27,465.7,2099.06,0.27
2016-05-28,523.25,465.7,2099.06,0.27
2016-05-29,525.22,465.7,2099.06,0.27
2016-05-30,532.55,465.7,2099.06,0.27
2016-05-31,531.34,465.7,2096.96,0.27
2016-06-01,534.84,441.3,2099.33,0.27
2016-06-02,537.87,441.3,2105.26,0.27
2016-06-03,571.25,441.3,2099.13,0.27
2016-06-04,576.31,441.3,2099.13,0.27
2016-06-05,575.17,441.3,2099.13,0.27
2016-06-06,586.77,441.3,2109.41,0.27
2016-06-07,579.71,441.3,2112.13,0.27
2016-06-08,583.21,441.3,2119.12,0.27
2016-06-09,577.46,441.3,2115.48,0.27
2016-06-10,580.31,441.3,2096.07,0.27
2016-06-11,609.5,441.3,2096.07,0.27
2016-06-12,677.86,441.3,2096.07,0.27
2016-06-13,706.01,441.3,2079.06,0.27
2016-06-14,684.95,441.3,2075.32,0.27
2016-06-15,698.78,441.3,2071.5,0.27
2016-06-16,769.76,441.3,2077.99,0.27
2016-06-17,752.26,441.3,2071.22,0.27
2016-06-18,758.99,441.3,2071.22,0.27
2016-06-19,768.76,441.3,2071.22,0.27
2016-06-20,703.12,441.3,2083.25,0.27
2016-06-21,667.66,441.3,2088.9,0.27
2016-06-22,604.5,441.3,2085.45,0.27
2016-06-23,631.1,441.3,2113.32,0.27
2016-06-24,669.98,441.3,2037.41,0.27
2016-06-25,673.71,441.3,2037.41,0.27
2016-06-26,638.56,441.3,2037.41,0.27
2016-06-27,657.87,441.3,2000.54,0.27
2016-06-28,648.43,441.3,2036.09,0.27
2016-06-29,639.42,441.3,2070.77,0.27
2016-06-30,673.49,441.3,2098.86,0.27
2016-07-01,678.19,490.7,2102.95,0.3
2016-07-02,704.95,490.7,2102.95,0.3
2016-07-03,663.55,490.7,2102.95,0.3
2016-07-04,681.98,490.7,2102.95,0.3
2016-07-05,669.87,490.7,2088.55,0.3
2016-07-06,678.79,490.7,2099.73,0.3
2016-07-07,641.97,490.7,2097.9,0.3
2016-07-08,667.33,490.7,2129.9,0.3
2016-07-09,657.61,490.7,2129.9,0.3
2016-07-10,652.44,490.7,2129.9,0.3
2016-07-11,650.97,490.7,2137.16,0.3
2016-07-12,666.56,490.7,2152.14,0.3
2016-07-13,655.34,490.7,2152.43,0.3
2016-07-14,661.65,490.7,2163.75,0.3
2016-07-15,667.48,490.7,2161.74,0.3
2016-07-16,666.32,490.7,2161.74,0.3
2016-07-17,680.0,490.7,2161.74,0.3
2016-07-18,675.5,490.7,2166.89,0.3
2016-07-19,673.98,490.7,2163.78,0.3
2016-07-20,666.92,490.7,2173.02,0.3
2016-07-21,667.28,490.7,2165.17,0.3
2016-07-22,654.67,490.7,2175.03,0.3
2016-07-23,657.5,490.7,2175.03,0.3
2016-07-24,661.0,490.7,2175.03,0.3
2016-07-25,657.79,490.7,2168.48,0.3
2016-07-26,654.06,490.7,2169.18,0.3
2016-07-27,657.35,490.7,2166.58,0.3
2016-07-28,657.4,490.7,2170.06,0.3
2016-07-29,657.0,490.7,2173.6,0.3
2016-07-30,655.87,490.7,2173.6,0.3
2016-07-31,626.97,490.7,2173.6,0.3
2016-08-01,605.2,490.1,2170.84,0.3
2016-08-02,537.47,490.1,2157.03,0.3
2016-08-03,573.36,490.1,2163.79,0.3
2016-08-04,587.5,490.1,2164.25,0.3
2016-08-05,583.0,490.1,2182.87,0.3
2016-08-06,591.71,490.1,2182.87,0.3
2016-08-07,595.14,490.1,2182.87,0.3
2016-08-08,591.48,490.1,2180.89,0.3
2016-08-09,586.45,490.1,2181.74,0.3
2016-08-10,594.94,490.1,2175.49,0.3
2016-08-11,587.91,490.1,2185.79,0.3
2016-08-12,587.74,490.1,2184.05,0.3
2016-08-13,586.45,490.1,2184.05,0.3
2016-08-14,574.99,490.1,2184.05,0.3
2016-08-15,567.79,490.1,2190.15,0.3
2016-08-16,579.02,490.1,2178.15,0.3
2016-08-17,574.45,490.1,2182.22,0.3
2016-08-18,574.09,490.1,2187.02,0.3
2016-08-19,573.67,490.1,2183.87,0.3
2016-08-20,581.87,490.1,2183.87,0.3
2016-08-21,581.29,490.1,2183.87,0.3
2016-08-22,585.2,490.1,2182.64,0.3
2016-08-23,582.39,490.1,2186.9,0.3
2016-08-24,578.47,490.1,2175.44,0.3
2016-08-25,575.58,490.1,2172.47,0.3
2016-08-26,579.29,490.1,2169.04,0.3
2016-08-27,570.84,490.1,2169.04,0.3
2016-08-28,575.41,490.1,2169.04,0.3
2016-08-29,573.21,490.1,2180.38,0.3
2016-08-30,574.95,490.1,2176.12,0.3
2016-08-31,572.89,490.1,2170.95,0.3
2016-09-01,573.02,484.6,2170.86,0.29
2016-09-02,576.21,484.6,2179.98,0.29
2016-09-03,600.91,484.6,2179.98,0.29
2016-09-04,611.92,484.6,2179.98,0.29
2016-09-05,605.69,484.6,2179.98,0.29
2016-09-06,612.99,484.6,2186.48,0.29
2016-09-07,615.21,484.6,2186.16,0.29
2016-09-08,627.97,484.6,2181.3,0.29
2016-09-09,622.07,484.6,2127.81,0.29
2016-09-10,623.74,484.6,2127.81,0.29
2016-09-11,607.94,484.6,2127.81,0.29
2016-09-12,606.74,484.6,2159.04,0.29
2016-09-13,608.63,484.6,2127.02,0.29
2016-09-14,608.43,484.6,2125.77,0.29
2016-09-15,605.44,484.6,2147.26,0.29
2016-09-16,607.93,484.6,2139.16,0.29
2016-09-17,607.92,484.6,2139.16,0.29
2016-09-18,611.4,484.6,2139.16,0.29
2016-09-19,608.6,484.6,2139.12,0.29
2016-09-20,605.6,484.6,2139.76,0.29
2016-09-21,597.0,484.6,2163.12,0.29
2016-09-22,596.21,484.6,2177.18,0.29
2016-09-23,602.96,484.6,2164.69,0.29
2016-09-24,603.68,484.6,2164.69,0.29
2016-09-25,601.67,484.6,2164.69,0.29
2016-09-26,607.08,484.6,2146.1,0.29
2016-09-27,605.71,484.6,2159.93,0.29
2016-09-28,605.04,484.6,2171.37,0.29
2016-09-29,605.99,484.6,2151.13,0.29
2016-09-30,608.99,484.6,2168.27,0.29
2016-10-01,615.65,461.2,2168.27,0.33
2016-10-02,612.4,461.2,2168.27,0.33
2016-10-03,612.99,461.2,2161.2,0.33
2016-10-04,610.34,461.2,2150.49,0.33
2016-10-05,613.16,461.2,2159.73,0.33
2016-10-06,611.88,461.2,2160.77,0.33
2016-10-07,617.98,461.2,2153.74,0.33
2016-10-08,619.5,461.2,2153.74,0.33
2016-10-09,617.42,461.2,2153.74,0.33
2016-10-10,618.72,461.2,2163.66,0.33
2016-10-11,642.12,461.2,2136.73,0.33
2016-10-12,635.79,461.2,2139.18,0.33
2016-10-13,635.66,461.2,2132.55,0.33
2016-10-14,638.03,461.2,2132.98,0.33
2016-10-15,638.16,461.2,2132.98,0.33
2016-10-16,641.92,461.2,2132.98,0.33
2016-10-17,639.56,461.2,2126.5,0.33
2016-10-18,635.11,461.2,2139.6,0.33
2016-10-19,629.79,461.2,2144.29,0.33
2016-10-20,628.05,461.2,2141.34,0.33
2016-10-21,630.83,461.2,2141.16,0.33
2016-10-22,652.75,461.2,2141.16,0.33
2016-10-23,651.04,461.2,2141.16,0.33
2016-10-24,649.98,461.2,2151.33,0.33
2016-10-25,654.3,461.2,2143.16,0.33
2016-10-26,674.0,461.2,2139.43,0.33
2016-10-27,691.21,461.2,2133.04,0.33
2016-10-28,689.95,461.2,2126.41,0.33
2016-10-29,714.28,461.2,2126.41,0.33
2016-10-30,697.41,461.2,2126.41,0.33
2016-10-31,696.9,461.2,2126.15,0.33
2016-11-01,730.7,467.6,2111.72,0.45
2016-11-02,744.6,467.6,2097.94,0.45
2016-11-03,690.0,467.6,2088.66,0.45
2016-11-04,706.32,467.6,2085.18,0.45
2016-11-05,706.99,467.6,2085.18,0.45
2016-11-06,717.02,467.6,2085.18,0.45
2016-11-07,706.42,467.6,2131.52,0.45
2016-11-08,711.15,467.6,2139.56,0.45
2016-11-09,720.97,467.6,2163.26,0.45
2016-11-10,712.91,467.6,2167.48,0.45
2016-11-11,716.9,467.6,2164.45,0.45
2016-11-12,704.53,467.6,2164.45,0.45
2016-11-13,704.01,467.6,2164.45,0.45
2016-11-14,708.32,467.6,2164.2,0.45
2016-11-15,712.29,467.6,2180.39,0.45
2016-11-16,739.85,467.6,2176.94,0.45
2016-11-17,730.71,467.6,2187.12,0.45
2016-11-18,748.54,467.6,2181.9,0.45
2016-11-19,750.77,467.6,2181.9,0.45
2016-11-20,731.99,467.6,2181.9,0.45
2016-11-21,736.4,467.6,2198.18,0.45
2016-11-22,746.66,467.6,2202.94,0.45
2016-11-23,741.52,467.6,2204.72,0.45
2016-11-24,737.99,467.6,2204.72,0.45
2016-11-25,739.74,467.6,2213.35,0.45
2016-11-26,735.7,467.6,2213.35,0.45
2016-11-27,729.24,467.6,2213.35,0.45
2016-11-28,729.77,467.6,2201.72,0.45
2016-11-29,732.37,467.6,2204.66,0.45
2016-11-30,742.69,467.6,2198.81,0.45
2016-12-01,754.0,422.7,2191.08,0.51
2016-12-02,769.25,422.7,2191.95,0.51
2016-12-03,766.98,422.7,2191.95,0.51
2016-12-04,767.99,422.7,2191.95,0.51
2016-12-05,752.0,422.7,2204.71,0.51
2016-12-06,759.8,422.7,2212.23,0.51
2016-12-07,764.34,422.7,2241.35,0.51
2016-12-08,767.89,422.7,2246.19,0.51
2016-12-09,773.22,422.7,2259.53,0.51
2016-12-10,775.87,422.7,2259.53,0.51
2016-12-11,771.05,422.7,2259.53,0.51
2016-12-12,778.94,422.7,2256.96,0.51
2016-12-13,776.18,422.7,2271.72,0.51
2016-12-14,777.66,422.7,2253.28,0.51
2016-12-15,776.16,422.7,2262.03,0.51
2016-12-16,780.98,422.7,2258.07,0.51
2016-12-17,788.57,422.7,2258.07,0.51
2016-12-18,790.72,422.7,2258.07,0.51
2016-12-19,790.81,422.7,2262.53,0.51
2016-12-20,798.99,422.7,2270.76,0.51
2016-12-21,834.5,422.7,2265.18,0.51
2016-12-22,856.02,422.7,2260.96,0.51
2016-12-23,917.26,422.7,2263.79,0.51
2016-12-24,891.5,422.7,2263.79,0.51
2016-12-25,896.12,422.7,2263.79,0.51
2016-12-26,902.09,422.7,2263.79,0.51
2016-12-27,925.2,422.7,2268.88,0.51
2016-12-28,982.17,422.7,2249.92,0.51
2016-12-29,970.72,422.7,2249.26,0.51
2016-12-30,960.81,422.7,2238.83,0.51
2016-12-31,973.37,422.7,2238.83,0.51
2017-01-01,992.95,421.9,2238.83,0.51
2017-01-02,1011.45,421.9,2238.83,0.51
2017-01-03,1020.67,421.9,2257.83,0.51
2017-01-04,1130.3,421.9,2270.75,0.51
2017-01-05,1007.0,421.9,2269.0,0.51
2017-01-06,895.71,421.9,2276.98,0.51
2017-01-07,909.0,421.9,2276.98,0.51
2017-01-08,923.33,421.9,2276.98,0.51
2017-01-09,902.66,421.9,2268.9,0.51
2017-01-10,907.0,421.9,2268.9,0.51
2017-01-11,795.77,421.9,2275.32,0.51
2017-01-12,812.25,421.9,2270.44,0.51
2017-01-13,831.42,421.9,2274.64,0.51
2017-01-14,828.0,421.9,2274.64,0.51
2017-01-15,833.31,421.9,2274.64,0.51
2017-01-16,834.41,421.9,2274.64,0.51
2017-01-17,906.0,421.9,2267.89,0.51
2017-01-18,887.99,421.9,2271.89,0.51
2017-01-19,902.92,421.9,2263.69,0.51
2017-01-20,894.31,421.9,2271.31,0.51
2017-01-21,925.06,421.9,2271.31,0.51
2017-01-22,931.22,421.9,2271.31,0.51
2017-01-23,910.7,421.9,2265.2,0.51
2017-01-24,887.0,421.9,2280.07,0.51
2017-01-25,896.0,421.9,2298.37,0.51
2017-01-26,917.02,421.9,2296.68,0.51
2017-01-27,922.63,421.9,2294.69,0.51
2017-01-28,924.98,421.9,2294.69,0.51
2017-01-29,916.54,421.9,2294.69,0.51
2017-01-30,923.23,421.9,2280.9,0.51
2017-01-31,970.01,421.9,2278.87,0.51
2017-02-01,992.75,437.2,2279.55,0.52
2017-02-02,1008.38,437.2,2280.85,0.52
2017-02-03,1018.0,437.2,2297.42,0.52
2017-02-04,1035.54,437.2,2297.42,0.52
2017-02-05,1016.32,437.2,2297.42,0.52
2017-02-06,1022.58,437.2,2292.56,0.52
2017-02-07,1053.96,437.2,2293.08,0.52
2017-02-08,1056.7,437.2,2294.67,0.52
2017-02-09,994.24,437.2,2307.87,0.52
2017-02-10,1001.99,437.2,2316.1,0.52
2017-02-11,1018.65,437.2,2316.1,0.52
2017-02-12,1010.0,437.2,2316.1,0.52
2017-02-13,1002.82,437.2,2328.25,0.52
2017-02-14,1013.92,437.2,2337.58,0.52
2017-02-15,1014.53,437.2,2349.25,0.52
2017-02-16,1038.94,437.2,2347.22,0.52
2017-02-17,1057.3,437.2,2351.16,0.52
2017-02-18,1062.15,437.2,2351.16,0.52
2017-02-19,1059.88,437.2,2351.16,0.52
2017-02-20,1089.82,437.2,2351.16,0.52
2017-02-21,1128.29,437.2,2365.38,0.52
2017-02-22,1128.71,437.2,2362.82,0.52
2017-02-23,1186.9,437.2,2363.81,0.52
2017-02-24,1186.91,437.2,2367.34,0.52
2017-02-25,1158.0,437.2,2367.34,0.52
2017-02-26,1184.91,437.2,2367.34,0.52
2017-02-27,1195.81,437.2,2369.75,0.52
2017-02-28,1195.08,437.2,2363.64,0.52
2017-03-01,1230.0,449.6,2395.96,0.74
2017-03-02,1269.17,449.6,2381.92,0.74
2017-03-03,1292.86,449.6,2383.12,0.74
2017-03-04,1273.97,449.6,2383.12,0.74
2017-03-05,1278.98,449.6,2383.12,0.74
2017-03-06,1284.99,449.6,2375.31,0.74
2017-03-07,1237.36,449.6,2368.39,0.74
2017-03-08,1150.22,449.6,2362.98,0.74
2017-03-09,1197.3,449.6,2364.87,0.74
2017-03-10,1109.01,449.6,2372.6,0.74
2017-03-11,1188.11,449.6,2372.6,0.74
2017-03-12,1235.58,449.6,2372.6,0.74
2017-03-13,1245.49,449.6,2373.47,0.74
2017-03-14,1247.42,449.6,2365.45,0.74
2017-03-15,1263.0,449.6,2385.26,0.74
2017-03-16,1175.11,449.6,2381.38,0.74
2017-03-17,1069.57,449.6,2378.25,0.74
2017-03-18,970.0,449.6,2378.25,0.74
2017-03-19,1019.49,449.6,2378.25,0.74
2017-03-20,1044.96,449.6,2373.47,0.74
2017-03-21,1114.42,449.6,2344.02,0.74
2017-03-22,1034.57,449.6,2348.45,0.74
2017-03-23,1025.14,449.6,2345.96,0.74
2017-03-24,934.87,449.6,2343.98,0.74
2017-03-25,963.72,449.6,2343.98,0.74
2017-03-26,973.08,449.6,2343.98,0.74
2017-03-27,1042.08,449.6,2341.59,0.74
2017-03-28,1045.4,449.6,2358.57,0.74
2017-03-29,1043.27,449.6,2361.13,0.74
2017-03-30,1042.34,449.6,2368.06,0.74
2017-03-31,1088.99,449.6,2362.72,0.74
2017-04-01,1092.0,453.3,2362.72,0.8
2017-04-02,1113.99,453.3,2362.72,0.8
2017-04-03,1152.6,453.3,2358.84,0.8
2017-04-04,1143.99,453.3,2360.16,0.8
2017-04-05,1132.99,453.3,2352.95,0.8
2017-04-06,1192.3,453.3,2357.49,0.8
2017-04-07,1194.0,453.3,2355.54,0.8
2017-04-08,1184.5,453.3,2355.54,0.8
2017-04-09,1210.97,453.3,2355.54,0.8
2017-04-10,1210.0,453.3,2357.16,0.8
2017-04-11,1223.99,453.3,2353.78,0.8
2017-04-12,1214.17,453.3,2344.93,0.8
2017-04-13,1177.05,453.3,2328.95,0.8
2017-04-14,1173.74,453.3,2328.95,0.8
2017-04-15,1178.85,453.3,2328.95,0.8
2017-04-16,1177.99,453.3,2328.95,0.8
2017-04-17,1189.91,453.3,2349.01,0.8
2017-04-18,1201.94,453.3,2342.19,0.8
2017-04-19,1214.21,453.3,2338.17,0.8
2017-04-20,1236.15,453.3,2355.84,0.8
2017-04-21,1249.99,453.3,2348.69,0.8
2017-04-22,1247.0,453.3,2348.69,0.8
2017-04-23,1251.98,453.3,2348.69,0.8
2017-04-24,1257.29,453.3,2374.15,0.8
2017-04-25,1281.16,453.3,2388.61,0.8
2017-04-26,1298.44,453.3,2387.45,0.8
2017-04-27,1349.26,453.3,2388.77,0.8
2017-04-28,1353.34,453.3,2384.2,0.8
2017-04-29,1365.43,453.3,2384.2,0.8
2017-04-30,1384.55,453.3,2384.2,0.8
2017-05-01,1436.5,450.4,2388.33,0.89
2017-05-02,1471.99,450.4,2391.17,0.89
2017-05-03,1533.0,450.4,2388.13,0.89
2017-05-04,1563.39,450.4,2389.52,0.89
2017-05-05,1551.3,450.4,2399.29,0.89
2017-05-06,1585.39,450.4,2399.29,0.89
2017-05-07,1609.57,450.4,2399.29,0.89
2017-05-08,1713.0,450.4,2399.38,0.89
2017-05-09,1720.43,450.4,2396.92,0.89
2017-05-10,1794.99,450.4,2399.63,0.89
2017-05-11,1837.93,450.4,2394.44,0.89
2017-05-12,1695.61,450.4,2390.9,0.89
2017-05-13,1792.73,450.4,2390.9,0.89
2017-05-14,1799.99,450.4,2390.9,0.89
2017-05-15,1747.81,450.4,2402.32,0.89
2017-05-16,1777.48,450.4,2400.67,0.89
2017-05-17,1813.23,450.4,2357.03,0.89
2017-05-18,1899.16,450.4,2365.72,0.89
2017-05-19,1976.23,450.4,2381.73,0.89
2017-05-20,2058.91,450.4,2381.73,0.89
2017-05-21,2057.0,450.4,2381.73,0.89
2017-05-22,2123.29,450.4,2394.02,0.89
2017-05-23,2272.75,450.4,2398.42,0.89
2017-05-24,2432.97,450.4,2404.39,0.89
2017-05-25,2355.0,450.4,2415.07,0.89
2017-05-26,2272.7,450.4,2415.82,0.89
2017-05-27,2099.99,450.4,2415.82,0.89
2017-05-28,2232.78,450.4,2415.82,0.89
2017-05-29,2279.48,450.4,2415.82,0.89
2017-05-30,2191.58,450.4,2412.91,0.89
2017-05-31,2303.29,450.4,2411.8,0.89
2017-06-01,2419.99,463.0,2430.06,0.98
2017-06-02,2478.99,463.0,2439.07,0.98
2017-06-03,2548.05,463.0,2439.07,0.98
2017-06-04,2521.36,463.0,2439.07,0.98
2017-06-05,2698.0,463.0,2436.1,0.98
2017-06-06,2871.29,463.0,2429.33,0.98
2017-06-07,2685.64,463.0,2433.14,0.98
2017-06-08,2799.73,463.0,2433.79,0.98
2017-06-09,2811.39,463.0,2431.77,0.98
2017-06-10,2931.15,463.0,2431.77,0.98
2017-06-11,2998.98,463.0,2431.77,0.98
2017-06-12,2655.71,463.0,2429.39,0.98
2017-06-13,2709.01,463.0,2440.35,0.98
2017-06-14,2432.21,463.0,2437.92,0.98
2017-06-15,2409.98,463.0,2432.46,0.98
2017-06-16,2480.43,463.0,2433.15,0.98
2017-06-17,2634.94,463.0,2433.15,0.98
2017-06-18,2515.25,463.0,2433.15,0.98
2017-06-19,2596.98,463.0,2453.46,0.98
2017-06-20,2725.08,463.0,2437.03,0.98
2017-06-21,2643.35,463.0,2435.61,0.98
2017-06-22,2679.99,463.0,2434.5,0.98
2017-06-23,2690.76,463.0,2438.3,0.98
2017-06-24,2574.84,463.0,2438.3,0.98
2017-06-25,2505.61,463.0,2438.3,0.98
2017-06-26,2407.91,463.0,2439.07,0.98
2017-06-27,2575.75,463.0,2419.38,0.98
2017-06-28,2553.12,463.0,2440.69,0.98
2017-06-29,2530.0,463.0,2419.7,0.98
2017-06-30,2455.19,463.0,2423.41,0.98
2017-07-01,2423.63,441.9,2423.41,1.07
2017-07-02,2516.66,441.9,2423.41,1.07
2017-07-03,2542.41,441.9,2429.01,1.07
2017-07-04,2602.0,441.9,2429.01,1.07
2017-07-05,2616.96,441.9,2432.54,1.07
2017-07-06,2604.84,441.9,2409.75,1.07
2017-07-07,2501.15,441.9,2425.18,1.07
2017-07-08,2561.11,441.9,2425.18,1.07
2017-07-09,2508.99,441.9,2425.18,1.07
2017-07-10,2331.05,441.9,2427.43,1.07
2017-07-11,2310.01,441.9,2425.53,1.07
2017-07-12,2383.42,441.9,2443.25,1.07
2017-07-13,2340.0,441.9,2447.83,1.07
2017-07-14,2217.24,441.9,2459.27,1.07
2017-07-15,1964.31,441.9,2459.27,1.07
2017-07-16,1911.78,441.9,2459.27,1.07
2017-07-17,2235.19,441.9,2459.14,1.07
2017-07-18,2308.15,441.9,2460.61,1.07
2017-07-19,2258.99,441.9,2473.83,1.07
2017-07-20,2873.48,441.9,2473.45,1.07
2017-07-21,2657.45,441.9,2472.54,1.07
2017-07-22,2825.27,441.9,2472.54,1.07
2017-07-23,2754.28,441.9,2472.54,1.07
2017-07-24,2762.26,441.9,2469.91,1.07
2017-07-25,2564.0,441.9,2477.13,1.07
2017-07-26,2525.99,441.9,2477.83,1.07
2017-07-27,2664.99,441.9,2475.42,1.07
2017-07-28,2786.07,441.9,2472.1,1.07
2017-07-29,2700.21,441.9,2472.1,1.07
2017-07-30,2723.99,441.9,2472.1,1.07
2017-07-31,2856.88,441.9,2470.3,1.07
2017-08-01,2732.59,457.9,2476.35,1.01
2017-08-02,2699.9,457.9,2477.57,1.01
2017-08-03,2787.02,457.9,2472.16,1.01
2017-08-04,2857.34,457.9,2476.83,1.01
2017-08-05,3243.49,457.9,2476.83,1.01
2017-08-06,3222.22,457.9,2476.83,1.01
2017-08-07,3398.23,457.9,2480.91,1.01
2017-08-08,3422.43,457.9,2474.92,1.01
2017-08-09,3342.8,457.9,2474.02,1.01
2017-08-10,3444.98,457.9,2438.21,1.01
2017-08-11,3656.15,457.9,2441.32,1.01
2017-08-12,3874.0,457.9,2441.32,1.01
2017-08-13,4060.47,457.9,2441.32,1.01
2017-08-14,4320.6,457.9,2465.84,1.01
2017-08-15,4159.93,457.9,2464.61,1.01
2017-08-16,4370.01,457.9,2468.11,1.01
2017-08-17,4280.01,457.9,2430.01,1.01
2017-08-18,4101.72,457.9,2425.55,1.01
2017-08-19,4157.41,457.9,2425.55,1.01
2017-08-20,4050.99,457.9,2425.55,1.01
2017-08-21,4002.0,457.9,2428.37,1.01
2017-08-22,4092.0,457.9,2452.51,1.01
2017-08-23,4143.49,457.9,2444.04,1.01
2017-08-24,4312.03,457.9,2438.97,1.01
2017-08-25,4360.0,457.9,2443.05,1.01
2017-08-26,4344.32,457.9,2443.05,1.01
2017-08-27,4340.11,457.9,2443.05,1.01
2017-08-28,4384.99,457.9,2444.24,1.01
2017-08-29,4599.0,457.9,2446.3,1.01
2017-08-30,4581.98,457.9,2457.59,1.01
2017-08-31,4743.94,457.9,2471.65,1.01
2017-09-01,4947.99,484.7,2476.55,1.03
2017-09-02,4649.99,484.7,2476.55,1.03
2017-09-03,4626.05,484.7,2476.55,1.03
2017-09-04,4498.25,484.7,2476.55,1.03
2017-09-05,4432.51,484.7,2457.85,1.03
2017-09-06,4616.18,484.7,2465.54,1.03
2017-09-07,4624.18,484.7,2465.1,1.03
2017-09-08,4350.0,484.7,2461.43,1.03
2017-09-09,4334.36,484.7,2461.43,1.03
2017-09-10,4251.36,484.7,2461.43,1.03
2017-09-11,4210.72,484.7,2488.11,1.03
2017-09-12,4164.52,484.7,2496.48,1.03
2017-09-13,3855.32,484.7,2498.37,1.03
2017-09-14,3250.4,484.7,2495.62,1.03
2017-09-15,3740.02,484.7,2500.23,1.03
2017-09-16,3726.51,484.7,2500.23,1.03
2017-09-17,3719.97,484.7,2500.23,1.03
2017-09-18,4100.0,484.7,2503.87,1.03
2017-09-19,3910.11,484.7,2506.65,1.03
2017-09-20,3872.06,484.7,2508.24,1.03
2017-09-21,3617.47,484.7,2500.6,1.03
2017-09-22,3619.01,484.7,2502.22,1.03
2017-09-23,3787.33,484.7,2502.22,1.03
2017-09-24,3669.01,484.7,2502.22,1.03
2017-09-25,3919.78,484.7,2496.66,1.03
2017-09-26,3885.09,484.7,2496.84,1.03
2017-09-27,4200.0,484.7,2507.04,1.03
2017-09-28,4189.42,484.7,2510.06,1.03
2017-09-29,4156.99,484.7,2519.36,1.03
2017-09-30,4339.0,484.7,2519.36,1.03
2017-10-01,4394.81,459.6,2519.36,1.07
2017-10-02,4392.71,459.6,2529.12,1.07
2017-10-03,4307.99,459.6,2534.58,1.07
2017-10-04,4214.84,459.6,2537.74,1.07
2017-10-05,4320.04,459.6,2552.07,1.07
2017-10-06,4362.99,459.6,2549.33,1.07
2017-10-07,4425.0,459.6,2549.33,1.07
2017-10-08,4603.49,459.6,2549.33,1.07
2017-10-09,4769.55,459.6,2544.73,1.07
2017-10-10,4750.0,459.6,2550.64,1.07
2017-10-11,4814.99,459.6,2555.24,1.07
2017-10-12,5440.0,459.6,2550.93,1.07
2017-10-13,5624.8,459.6,2553.17,1.07
2017-10-14,5819.13,459.6,2553.17,1.07
2017-10-15,5693.7,459.6,2553.17,1.07
2017-10-16,5754.9,459.6,2557.64,1.07
2017-10-17,5594.0,459.6,2559.36,1.07
2017-10-18,5574.44,459.6,2561.26,1.07
2017-10-19,5704.01,459.6,2562.1,1.07
2017-10-20,5989.1,459.6,2575.21,1.07
2017-10-21,6024.86,459.6,2575.21,1.07
2017-10-22,6005.05,459.6,2575.21,1.07
2017-10-23,5905.99,459.6,2564.98,1.07
2017-10-24,5525.43,459.6,2569.13,1.07
2017-10-25,5739.97,459.6,2557.15,1.07
2017-10-26,5891.61,459.6,2560.4,1.07
2017-10-27,5780.0,459.6,2581.07,1.07
2017-10-28,5752.01,459.6,2581.07,1.07
2017-10-29,6140.01,459.6,2581.07,1.07
2017-10-30,6124.16,459.6,2572.83,1.07
2017-10-31,6445.01,459.6,2575.26,1.07
2017-11-01,6783.69,460.4,2579.36,1.23
2017-11-02,7039.98,460.4,2579.85,1.23
2017-11-03,7170.01,460.4,2587.84,1.23
2017-11-04,7412.55,460.4,2587.84,1.23
2017-11-05,7392.0,460.4,2587.84,1.23
2017-11-06,6969.76,460.4,2591.13,1.23
2017-11-07,7126.63,460.4,2590.64,1.23
2017-11-08,7467.96,460.4,2594.38,1.23
2017-11-09,7156.0,460.4,2584.62,1.23
2017-11-10,6577.62,460.4,2582.3,1.23
2017-11-11,6346.7,460.4,2582.3,1.23
2017-11-12,5886.35,460.4,2582.3,1.23
2017-11-13,6535.87,460.4,2584.84,1.23
2017-11-14,6605.0,460.4,2578.87,1.23
2017-11-15,7294.0,460.4,2564.62,1.23
2017-11-16,7838.53,460.4,2585.64,1.23
2017-11-17,7714.71,460.4,2578.85,1.23
2017-11-18,7777.01,460.4,2578.85,1.23
2017-11-19,8031.82,460.4,2578.85,1.23
2017-11-20,8256.01,460.4,2582.14,1.23
2017-11-21,8109.0,460.4,2599.03,1.23
2017-11-22,8250.0,460.4,2597.08,1.23
2017-11-23,8031.16,460.4,2597.08,1.23
2017-11-24,8215.01,460.4,2602.42,1.23
2017-11-25,8795.5,460.4,2602.42,1.23
2017-11-26,9401.11,460.4,2602.42,1.23
2017-11-27,9768.71,460.4,2601.42,1.23
2017-11-28,9949.0,460.4,2627.04,1.23
2017-11-29,9935.98,460.4,2626.07,1.23
2017-11-30,9903.0,460.4,2647.58,1.23
2017-12-01,10869.84,456.4,2642.22,1.32
2017-12-02,10930.24,456.4,2642.22,1.32
2017-12-03,11290.0,456.4,2642.22,1.32
2017-12-04,11643.98,456.4,2639.44,1.32
2017-12-05,11718.35,456.4,2629.57,1.32
2017-12-06,14090.0,456.4,2629.27,1.32
2017-12-07,17390.01,456.4,2636.98,1.32
2017-12-08,16367.03,456.4,2651.5,1.32
2017-12-09,15309.98,456.4,2651.5,1.32
2017-12-10,15290.01,456.4,2651.5,1.32
2017-12-11,16885.76,456.4,2659.99,1.32
2017-12-12,17730.12,456.4,2664.11,1.32
2017-12-13,16689.61,456.4,2662.85,1.32
2017-12-14,16749.78,456.4,2652.01,1.32
2017-12-15,17738.67,456.4,2675.81,1.32
2017-12-16,19650.01,456.4,2675.81,1.32
2017-12-17,19378.99,456.4,2675.81,1.32
2017-12-18,19039.01,456.4,2690.16,1.32
2017-12-19,17838.73,456.4,2681.47,1.32
2017-12-20,16496.89,456.4,2679.25,1.32
2017-12-21,15758.8,456.4,2684.57,1.32
2017-12-22,14210.57,456.4,2683.34,1.32
2017-12-23,15075.89,456.4,2683.34,1.32
2017-12-24,14221.94,456.4,2683.34,1.32
2017-12-25,14171.98,456.4,2683.34,1.32
2017-12-26,15790.88,456.4,2680.5,1.32
2017-12-27,15367.08,456.4,2682.62,1.32
2017-12-28,14450.01,456.4,2687.54,1.32
2017-12-29,14565.05,456.4,2673.61,1.32
2017-12-30,12839.99,456.4,2673.61,1.32
2017-12-31,13863.13,456.4,2673.61,1.32
2018-01-01,13480.01,475.9,2673.61,1.41
2018-01-02,14781.51,475.9,2695.81,1.41
2018-01-03,15098.14,475.9,2713.06,1.41
2018-01-04,15144.99,475.9,2723.99,1.41
2018-01-05,16960.01,475.9,2743.15,1.41
2018-01-06,17098.99,475.9,2743.15,1.41
2018-01-07,16174.22,475.9,2743.15,1.41
2018-01-08,14993.74,475.9,2747.71,1.41
2018-01-09,14480.99,475.9,2751.29,1.41
2018-01-10,14875.18,475.9,2748.23,1.41
2018-01-11,13308.06,475.9,2767.56,1.41
2018-01-12,13820.0,475.9,2786.24,1.41
2018-01-13,14187.95,475.9,2786.24,1.41
2018-01-14,13656.23,475.9,2786.24,1.41
2018-01-15,13590.0,475.9,2786.24,1.41
2018-01-16,11570.01,475.9,2776.42,1.41
2018-01-17,11200.01,475.9,2802.56,1.41
2018-01-18,11305.53,475.9,2798.03,1.41
2018-01-19,11498.99,475.9,2810.3,1.41
2018-01-20,12762.8,475.9,2810.3,1.41
2018-01-21,11518.17,475.9,2810.3,1.41
2018-01-22,10766.7,475.9,2832.97,1.41
2018-01-23,10824.94,475.9,2839.13,1.41
2018-01-24,11356.79,475.9,2837.54,1.41
2018-01-25,11118.0,475.9,2839.25,1.41
2018-01-26,11086.89,475.9,2872.87,1.41
2018-01-27,11319.0,475.9,2872.87,1.41
2018-01-28,11536.0,475.9,2872.87,1.41
2018-01-29,11123.01,475.9,2853.53,1.41
2018-01-30,9995.0,475.9,2822.43,1.41
2018-01-31,10099.99,475.9,2823.81,1.41
2018-02-01,9014.23,478.7,2821.98,1.57
2018-02-02,8787.52,478.7,2762.13,1.57
2018-02-03,9240.0,478.7,2762.13,1.57
2018-02-04,8167.91,478.7,2762.13,1.57
2018-02-05,6905.19,478.7,2648.94,1.57
2018-02-06,7688.46,478.7,2695.14,1.57
2018-02-07,7575.75,478.7,2681.66,1.57
2018-02-08,8218.1,478.7,2581.0,1.57
2018-02-09,8671.01,478.7,2619.55,1.57
2018-02-10,8547.49,478.7,2619.55,1.57
2018-02-11,8072.99,478.7,2619.55,1.57
2018-02-12,8872.28,478.7,2656.0,1.57
2018-02-13,8520.01,478.7,2662.94,1.57
2018-02-14,9472.98,478.7,2698.63,1.57
2018-02-15,10031.23,478.7,2731.2,1.57
2018-02-16,10167.49,478.7,2732.22,1.57
2018-02-17,11121.5,478.7,2732.22,1.57
2018-02-18,10380.04,478.7,2732.22,1.57
2018-02-19,11140.0,478.7,2732.22,1.57
2018-02-20,11235.57,478.7,2716.26,1.57
2018-02-21,10454.27,478.7,2701.33,1.57
2018-02-22,9830.0,478.7,2703.96,1.57
2018-02-23,10144.99,478.7,2747.3,1.57
2018-02-24,9688.62,478.7,2747.3,1.57
2018-02-25,9597.99,478.7,2747.3,1.57
2018-02-26,10300.0,478.7,2779.6,1.57
2018-02-27,10566.57,478.7,2744.28,1.57
2018-02-28,10307.27,478.7,2713.83,1.57
2018-03-01,10895.92,479.1,2677.67,1.7
2018-03-02,11000.0,479.1,2691.25,1.7
2018-03-03,11432.5,479.1,2691.25,1.7
2018-03-04,11469.9,479.1,2691.25,1.7
2018-03-05,11377.54,479.1,2720.94,1.7
2018-03-06,10700.0,479.1,2728.12,1.7
2018-03-07,9920.0,479.1,2726.8,1.7
2018-03-08,9304.9,479.1,2738.97,1.7
2018-03-09,9255.0,479.1,2786.57,1.7
2018-03-10,8795.44,479.1,2786.57,1.7
2018-03-11,9533.88,479.1,2786.57,1.7
2018-03-12,9120.0,479.1,2783.02,1.7
2018-03-13,9145.41,479.1,2765.31,1.7
2018-03-14,8207.03,479.1,2749.48,1.7
2018-03-15,8259.99,479.1,2747.33,1.7
2018-03-16,8275.0,479.1,2752.01,1.7
2018-03-17,7865.02,479.1,2752.01,1.7
2018-03-18,8192.0,479.1,2752.01,1.7
2018-03-19,8589.0,479.1,2712.92,1.7
2018-03-20,8900.0,479.1,2716.94,1.7
2018-03-21,8891.81,479.1,2711.93,1.7
2018-03-22,8715.09,479.1,2643.69,1.7
2018-03-23,8927.1,479.1,2588.26,1.7
2018-03-24,8531.34,479.1,2588.26,1.7
2018-03-25,8453.0,479.1,2588.26,1.7
2018-03-26,8145.0,479.1,2658.55,1.7
2018-03-27,7793.61,479.1,2612.62,1.7
2018-03-28,7942.72,479.1,2605.0,1.7
2018-03-29,7079.99,479.1,2640.87,1.7
2018-03-30,6848.01,479.1,2640.87,1.7
2018-03-31,6928.5,479.1,2640.87,1.7
2018-04-01,6816.01,482.0,2640.87,1.76
2018-04-02,7045.01,482.0,2581.88,1.76
2018-04-03,7424.9,482.0,2614.45,1.76
2018-04-04,6791.68,482.0,2644.69,1.76
2018-04-05,6785.85,482.0,2662.84,1.76
2018-04-06,6619.01,482.0,2604.47,1.76
2018-04-07,6894.01,482.0,2604.47,1.76
2018-04-08,7020.01,482.0,2604.47,1.76
2018-04-09,6771.13,482.0,2613.16,1.76
2018-04-10,6824.99,482.0,2656.87,1.76
2018-04-11,6942.99,482.0,2642.19,1.76
2018-04-12,7916.0,482.0,2663.99,1.76
2018-04-13,7893.19,482.0,2656.3,1.76
2018-04-14,8003.11,482.0,2656.3,1.76
2018-04-15,8355.25,482.0,2656.3,1.76
2018-04-16,8048.93,482.0,2677.84,1.76
2018-04-17,7892.1,482.0,2706.39,1.76
2018-04-18,8152.05,482.0,2708.64,1.76
2018-04-19,8274.0,482.0,2693.13,1.76
2018-04-20,8866.27,482.0,2670.14,1.76
2018-04-21,8915.42,482.0,2670.14,1.76
2018-04-22,8795.01,482.0,2670.14,1.76
2018-04-23,8931.3,482.0,2670.29,1.76
2018-04-24,9650.0,482.0,2634.56,1.76
2018-04-25,8865.98,482.0,2639.4,1.76
2018-04-26,9272.11,482.0,2666.94,1.76
2018-04-27,8922.55,482.0,2669.91,1.76
2018-04-28,9329.99,482.0,2669.91,1.76
2018-04-29,9389.01,482.0,2669.91,1.76
2018-04-30,9243.82,482.0,2648.05,1.76
2018-05-01,9072.29,473.7,2654.8,1.86
2018-05-02,9190.48,473.7,2635.67,1.86
2018-05-03,9725.74,473.7,2629.73,1.86
2018-05-04,9685.0,473.7,2663.42,1.86
2018-05-05,9800.0,473.7,2663.42,1.86
2018-05-06,9600.0,473.7,2663.42,1.86
2018-05-07,9356.25,473.7,2672.63,1.86
2018-05-08,9177.81,473.7,2671.92,1.86
2018-05-09,9300.08,473.7,2697.79,1.86
2018-05-10,9010.51,473.7,2723.07,1.86
2018-05-11,8403.33,473.7,2727.72,1.86
2018-05-12,8475.0,473.7,2727.72,1.86
2018-05-13,8686.1,473.7,2727.72,1.86
2018-05-14,8670.0,473.7,2730.13,1.86
2018-05-15,8477.46,473.7,2711.45,1.86
2018-05-16,8344.0,473.7,2722.46,1.86
2018-05-17,8059.0,473.7,2720.13,1.86
2018-05-18,8238.51,473.7,2712.97,1.86
2018-05-19,8235.6,473.7,2712.97,1.86
2018-05-20,8516.86,473.7,2712.97,1.86
2018-05-21,8393.44,473.7,2733.01,1.86
2018-05-22,7987.7,473.7,2724.44,1.86
2018-05-23,7505.0,473.7,2733.29,1.86
2018-05-24,7584.15,473.7,2727.76,1.86
2018-05-25,7459.11,473.7,2721.33,1.86
2018-05-26,7337.95,473.7,2721.33,1.86
2018-05-27,7346.64,473.7,2721.33,1.86
2018-05-28,7107.94,473.7,2721.33,1.86
2018-05-29,7460.0,473.7,2689.86,1.86
2018-05-30,7380.01,473.7,2724.01,1.86
2018-05-31,7485.0,473.7,2705.27,1.86
2018-06-01,7514.32,469.0,2734.62,1.9
2018-06-02,7636.42,469.0,2734.62,1.9
2018-06-03,7706.37,469.0,2734.62,1.9
2018-06-04,7487.37,469.0,2746.87,1.9
2018-06-05,7612.51,469.0,2748.8,1.9
2018-06-06,7655.0,469.0,2772.35,1.9
2018-06-07,7684.93,469.0,2770.37,1.9
2018-06-08,7618.83,469.0,2779.03,1.9
2018-06-09,7496.4,469.0,2779.03,1.9
2018-06-10,6770.31,469.0,2779.03,1.9
2018-06-11,6881.0,469.0,2782.0,1.9
2018-06-12,6544.99,469.0,2786.85,1.9
2018-06-13,6302.32,469.0,2775.63,1.9
2018-06-14,6638.49,469.0,2782.49,1.9
2018-06-15,6391.22,469.0,2779.66,1.9
2018-06-16,6484.29,469.0,2779.66,1.9
2018-06-17,6447.16,469.0,2779.66,1.9
2018-06-18,6709.02,469.0,2773.75,1.9
2018-06-19,6736.41,469.0,2762.59,1.9
2018-06-20,6756.1,469.0,2767.32,1.9
2018-06-21,6719.01,469.0,2749.76,1.9
2018-06-22,6059.82,469.0,2754.88,1.9
2018-06-23,6178.29,469.0,2754.88,1.9
2018-06-24,6149.99,469.0,2754.88,1.9
2018-06-25,6246.01,469.0,2717.07,1.9
2018-06-26,6074.0,469.0,2723.06,1.9
2018-06-27,6132.17,469.0,2699.63,1.9
2018-06-28,5851.66,469.0,2716.31,1.9
2018-06-29,6202.36,469.0,2718.37,1.9
2018-06-30,6383.19,469.0,2718.37,1.9
2018-07-01,6349.5,453.1,2718.37,1.96
2018-07-02,6611.79,453.1,2726.71,1.96
2018-07-03,6502.62,453.1,2713.22,1.96
2018-07-04,6587.47,453.1,2713.22,1.96
2018-07-05,6532.95,453.1,2736.61,1.96
2018-07-06,6600.0,453.1,2759.82,1.96
2018-07-07,6753.28,453.1,2759.82,1.96
2018-07-08,6701.97,453.1,2759.82,1.96
2018-07-09,6664.01,453.1,2784.17,1.96
2018-07-10,6303.7,453.1,2793.84,1.96
2018-07-11,6390.04,453.1,2774.02,1.96
2018-07-12,6249.75,453.1,2798.29,1.96
2018-07-13,6216.29,453.1,2801.31,1.96
2018-07-14,6248.65,453.1,2801.31,1.96
2018-07-15,6348.73,453.1,2801.31,1.96
2018-07-16,6728.81,453.1,2798.43,1.96
2018-07-17,7315.01,453.1,2809.55,1.96
2018-07-18,7378.99,453.1,2815.62,1.96
2018-07-19,7470.01,453.1,2804.49,1.96
2018-07-20,7334.46,453.1,2801.83,1.96
2018-07-21,7408.0,453.1,2801.83,1.96
2018-07-22,7397.8,453.1,2801.83,1.96
2018-07-23,7720.09,453.1,2806.98,1.96
2018-07-24,8385.5,453.1,2820.4,1.96
2018-07-25,8157.15,453.1,2846.07,1.96
2018-07-26,7931.99,453.1,2837.44,1.96
2018-07-27,8184.21,453.1,2818.82,1.96
2018-07-28,8228.9,453.1,2818.82,1.96
2018-07-29,8216.34,453.1,2818.82,1.96
2018-07-30,8170.01,453.1,2802.6,1.96
2018-07-31,7727.27,453.1,2816.29,1.96
2018-08-01,7603.99,440.8,2813.36,2.03
2018-08-02,7533.92,440.8,2827.22,2.03
2018-08-03,7414.08,440.8,2840.35,2.03
2018-08-04,7005.0,440.8,2840.35,2.03
2018-08-05,7030.01,440.8,2840.35,2.03
2018-08-06,6938.0,440.8,2850.4,2.03
2018-08-07,6718.22,440.8,2858.45,2.03
2018-08-08,6282.5,440.8,2857.7,2.03
2018-08-09,6546.45,440.8,2853.58,2.03
2018-08-10,6146.01,440.8,2833.28,2.03
2018-08-11,6235.56,440.8,2833.28,2.03
2018-08-12,6316.01,440.8,2833.28,2.03
2018-08-13,6253.67,440.8,2821.93,2.03
2018-08-14,6195.01,440.8,2839.96,2.03
2018-08-15,6269.01,440.8,2818.37,2.03
2018-08-16,6315.9,440.8,2840.69,2.03
2018-08-17,6585.49,440.8,2850.13,2.03
2018-08-18,6396.64,440.8,2850.13,2.03
2018-08-19,6489.53,440.8,2850.13,2.03
2018-08-20,6258.74,440.8,2857.05,2.03
2018-08-21,6475.89,440.8,2862.96,2.03
2018-08-22,6359.99,440.8,2861.82,2.03
2018-08-23,6526.36,440.8,2856.98,2.03
2018-08-24,6690.88,440.8,2874.69,2.03
2018-08-25,6737.52,440.8,2874.69,2.03
2018-08-26,6709.98,440.8,2874.69,2.03
2018-08-27,6911.9,440.8,2896.74,2.03
2018-08-28,7071.01,440.8,2897.52,2.03
2018-08-29,7030.9,440.8,2914.04,2.03
2018-08-30,6983.0,440.8,2901.13,2.03
2018-08-31,7015.01,440.8,2901.52,2.03
2018-09-01,7191.08,433.5,2901.52,2.13
2018-09-02,7295.0,433.5,2901.52,2.13
2018-09-03,7256.98,433.5,2901.52,2.13
2018-09-04,7360.0,433.5,2896.72,2.13
2018-09-05,6687.96,433.5,2888.6,2.13
2018-09-06,6495.0,433.5,2878.05,2.13
2018-09-07,6395.01,433.5,2871.68,2.13
2018-09-08,6188.0,433.5,2871.68,2.13
2018-09-09,6235.01,433.5,2871.68,2.13
2018-09-10,6300.0,433.5,2877.13,2.13
2018-09-11,6282.53,433.5,2887.89,2.13
2018-09-12,6326.0,433.5,2888.92,2.13
2018-09-13,6485.99,433.5,2904.18,2.13
2018-09-14,6478.04,433.5,2904.98,2.13
2018-09-15,6518.68,433.5,2904.98,2.13
2018-09-16,6498.0,433.5,2904.98,2.13
2018-09-17,6250.7,433.5,2888.8,2.13
2018-09-18,6335.7,433.5,2904.31,2.13
2018-09-19,6386.94,433.5,2907.95,2.13
2018-09-20,6493.11,433.5,2930.75,2.13
2018-09-21,6750.0,433.5,2929.67,2.13
2018-09-22,6707.33,433.5,2929.67,2.13
2018-09-23,6696.99,433.5,2929.67,2.13
2018-09-24,6582.09,433.5,2919.37,2.13
2018-09-25,6436.89,433.5,2915.56,2.13
2018-09-26,6455.66,433.5,2905.97,2.13
2018-09-27,6680.01,433.5,2914.0,2.13
2018-09-28,6620.01,433.5,2913.98,2.13
2018-09-29,6581.0,433.5,2913.98,2.13
2018-09-30,6605.0,433.5,2913.98,2.13
2018-10-01,6572.83,434.5,2924.59,2.25
2018-10-02,6498.46,434.5,2923.43,2.25
2018-10-03,6466.03,434.5,2925.51,2.25
2018-10-04,6547.45,434.5,2901.61,2.25
2018-10-05,6593.94,434.5,2885.57,2.25
2018-10-06,6552.43,434.5,2885.57,2.25
2018-10-07,6570.0,434.5,2885.57,2.25
2018-10-08,6608.07,434.5,2884.43,2.25
2018-10-09,6589.48,434.5,2880.34,2.25
2018-10-10,6524.56,434.5,2785.68,2.25
2018-10-11,6154.69,434.5,2728.37,2.25
2018-10-12,6188.01,434.5,2767.13,2.25
2018-10-13,6196.0,434.5,2767.13,2.25
2018-10-14,6183.49,434.5,2767.13,2.25
2018-10-15,6440.42,434.5,2750.79,2.25
2018-10-16,6457.11,434.5,2809.92,2.25
2018-10-17,6443.7,434.5,2809.21,2.25
2018-10-18,6394.96,434.5,2768.78,2.25
2018-10-19,6382.99,434.5,2767.78,2.25
2018-10-20,6414.0,434.5,2767.78,2.25
2018-10-21,6415.88,434.5,2767.78,2.25
2018-10-22,6407.65,434.5,2755.88,2.25
2018-10-23,6395.14,434.5,2740.69,2.25
2018-10-24,6415.98,434.5,2656.1,2.25
2018-10-25,6395.58,434.5,2705.57,2.25
2018-10-26,6404.87,434.5,2658.69,2.25
2018-10-27,6409.12,434.5,2658.69,2.25
2018-10-28,6403.62,434.5,2658.69,2.25
2018-10-29,6266.0,434.5,2641.25,2.25
2018-10-30,6267.63,434.5,2682.63,2.25
2018-10-31,6304.18,434.5,2711.74,2.25
2018-11-01,6344.0,444.0,2740.37,2.33
2018-11-02,6349.8,444.0,2723.06,2.33
2018-11-03,6331.96,444.0,2723.06,2.33
2018-11-04,6423.28,444.0,2723.06,2.33
2018-11-05,6404.0,444.0,2738.31,2.33
2018-11-06,6448.5,444.0,2755.45,2.33
2018-11-07,6503.12,444.0,2813.89,2.33
2018-11-08,6406.24,444.0,2806.83,2.33
2018-11-09,6334.89,444.0,2781.01,2.33
2018-11-10,6347.42,444.0,2781.01,2.33
2018-11-11,6357.6,444.0,2781.01,2.33
2018-11-12,6327.87,444.0,2726.22,2.33
2018-11-13,6259.34,444.0,2722.18,2.33
2018-11-14,5605.46,444.0,2701.58,2.33
2018-11-15,5579.52,444.0,2730.2,2.33
2018-11-16,5512.24,444.0,2736.27,2.33
2018-11-17,5504.17,444.0,2736.27,2.33
2018-11-18,5560.0,444.0,2736.27,2.33
2018-11-19,4733.5,444.0,2690.73,2.33
2018-11-20,4349.23,444.0,2641.89,2.33
2018-11-21,4545.11,444.0,2649.93,2.33
2018-11-22,4265.36,444.0,2649.93,2.33
2018-11-23,4283.8,444.0,2632.56,2.33
2018-11-24,3774.99,444.0,2632.56,2.33
2018-11-25,3936.69,444.0,2632.56,2.33
2018-11-26,3731.32,444.0,2673.45,2.33
2018-11-27,3775.0,444.0,2682.17,2.33
2018-11-28,4225.03,444.0,2743.79,2.33
2018-11-29,4248.0,444.0,2737.76,2.33
2018-11-30,3976.0,444.0,2760.17,2.33
2018-12-01,4142.01,448.7,2760.17,2.37
2018-12-02,4103.19,448.7,2760.17,2.37
2018-12-03,3833.47,448.7,2790.37,2.37
2018-12-04,3901.84,448.7,2700.06,2.37
2018-12-05,3694.39,448.7,2700.06,2.37
2018-12-06,3433.26,448.7,2695.95,2.37
2018-12-07,3380.01,448.7,2633.08,2.37
2018-12-08,3401.0,448.7,2633.08,2.37
2018-12-09,3531.18,448.7,2633.08,2.37
2018-12-10,3410.15,448.7,2637.72,2.37
2018-12-11,3349.36,448.7,2636.78,2.37
2018-12-12,3430.24,448.7,2651.07,2.37
2018-12-13,3265.0,448.7,2650.54,2.37
2018-12-14,3195.71,448.7,2599.95,2.37
2018-12-15,3183.0,448.7,2599.95,2.37
2018-12-16,3195.0,448.7,2599.95,2.37
2018-12-17,3496.82,448.7,2545.94,2.37
2018-12-18,3667.77,448.7,2546.16,2.37
2018-12-19,3682.51,448.7,2506.96,2.37
2018-12-20,4075.34,448.7,2467.42,2.37
2018-12-21,3839.06,448.7,2416.62,2.37
2018-12-22,3980.46,448.7,2416.62,2.37
2018-12-23,3944.93,448.7,2416.62,2.37
2018-12-24,4034.0,448.7,2351.1,2.37
2018-12-25,3780.0,448.7,2351.1,2.37
2018-12-26,3809.88,448.7,2467.7,2.37
2018-12-27,3589.89,448.7,2488.83,2.37
2018-12-28,3888.06,448.7,2485.74,2.37
2018-12-29,3729.31,448.7,2485.74,2.37
2018-12-30,3829.0,448.7,2485.74,2.37
2018-12-31,3691.86,448.7,2506.85,2.37
2019-01-01,3826.1,464.4,2506.85,2.37
2019-01-02,3890.79,464.4,2510.03,2.37
2019-01-03,3787.57,464.4,2447.89,2.37
2019-01-04,3820.25,464.4,2531.94,2.37
2019-01-05,3798.62,464.4,2531.94,2.37
2019-01-06,4040.99,464.4,2531.94,2.37
2019-01-07,4006.01,464.4,2549.69,2.37
2019-01-08,3993.86,464.4,2574.41,2.37
2019-01-09,4004.12,464.4,2584.96,2.37
2019-01-10,3626.12,464.4,2596.64,2.37
2019-01-11,3635.69,464.4,2596.26,2.37
2019-01-12,3619.41,464.4,2596.26,2.37
2019-01-13,3514.24,464.4,2596.26,2.37
2019-01-14,3664.19,464.4,2582.61,2.37
2019-01-15,3580.76,464.4,2610.3,2.37
2019-01-16,3609.71,464.4,2616.1,2.37
2019-01-17,3640.65,464.4,2635.96,2.37
2019-01-18,3607.85,464.4,2670.71,2.37
2019-01-19,3682.65,464.4,2670.71,2.37
2019-01-20,3536.19,464.4,2670.71,2.37
2019-01-21,3531.76,464.4,2670.71,2.37
2019-01-22,3577.03,464.4,2632.9,2.37
2019-01-23,3553.01,464.4,2638.7,2.37
2019-01-24,3568.97,464.4,2642.33,2.37
2019-01-25,3562.17,464.4,2664.76,2.37
2019-01-26,3556.07,464.4,2664.76,2.37
2019-01-27,3531.02,464.4,2664.76,2.37
2019-01-28,3429.95,464.4,2643.85,2.37
2019-01-29,3397.42,464.4,2640.0,2.37
2019-01-30,3437.55,464.4,2681.05,2.37
2019-01-31,3411.5,464.4,2704.1,2.37
2019-02-01,3437.5,475.9,2706.53,2.39
2019-02-02,3468.43,475.9,2706.53,2.39
2019-02-03,3414.78,475.9,2706.53,2.39
2019-02-04,3409.57,475.9,2724.87,2.39
2019-02-05,3428.4,475.9,2737.7,2.39
2019-02-06,3367.36,475.9,2731.61,2.39
2019-02-07,3359.0,475.9,2706.05,2.39
2019-02-08,3621.99,475.9,2707.88,2.39
2019-02-09,3623.73,475.9,2707.88,2.39
2019-02-10,3648.84,475.9,2707.88,2.39
2019-02-11,3590.36,475.9,2709.8,2.39
2019-02-12,3588.06,475.9,2744.73,2.39
2019-02-13,3576.68,475.9,2753.03,2.39
2019-02-14,3561.5,475.9,2745.73,2.39
2019-02-15,3566.59,475.9,2775.6,2.39
2019-02-16,3582.37,475.9,2775.6,2.39
2019-02-17,3625.08,475.9,2775.6,2.39
2019-02-18,3867.0,475.9,2775.6,2.39
2019-02-19,3888.01,475.9,2779.76,2.39
2019-02-20,3938.99,475.9,2784.7,2.39
2019-02-21,3897.71,475.9,2774.88,2.39
2019-02-22,3942.02,475.9,2792.67,2.39
2019-02-23,4110.0,475.9,2792.67,2.39
2019-02-24,3734.22,475.9,2792.67,2.39
2019-02-25,3818.79,475.9,2796.11,2.39
2019-02-26,3799.48,475.9,2793.9,2.39
2019-02-27,3799.91,475.9,2792.38,2.39
2019-02-28,3792.14,475.9,2784.49,2.39
2019-03-01,3806.17,467.3,2803.69,2.4
2019-03-02,3809.7,467.3,2803.69,2.4
2019-03-03,3786.93,467.3,2803.69,2.4
2019-03-04,3700.72,467.3,2792.81,2.4
2019-03-05,3844.59,467.3,2789.65,2.4
2019-03-06,3851.89,467.3,2771.45,2.4
2019-03-07,3857.05,467.3,2748.93,2.4
2019-03-08,3843.12,467.3,2743.07,2.4
2019-03-09,3917.0,467.3,2743.07,2.4
2019-03-10,3900.93,467.3,2743.07,2.4
2019-03-11,3849.68,467.3,2783.3,2.4
2019-03-12,3860.0,467.3,2791.52,2.4
2019-03-13,3851.02,467.3,2810.92,2.4
2019-03-14,3853.95,467.3,2808.48,2.4
2019-03-15,3902.8,467.3,2822.48,2.4
2019-03-16,3990.0,467.3,2822.48,2.4
2019-03-17,3967.01,467.3,2822.48,2.4
2019-03-18,3970.5,467.3,2832.94,2.4
2019-03-19,4000.85,467.3,2832.57,2.4
2019-03-20,4031.85,467.3,2824.23,2.4
2019-03-21,3972.76,467.3,2854.88,2.4
2019-03-22,3983.78,467.3,2800.71,2.4
2019-03-23,3983.43,467.3,2800.71,2.4
2019-03-24,3969.52,467.3,2800.71,2.4
2019-03-25,3907.53,467.3,2798.36,2.4
2019-03-26,3921.45,467.3,2818.46,2.4
2019-03-27,4026.53,467.3,2805.37,2.4
2019-03-28,4011.17,467.3,2815.44,2.4
2019-03-29,4091.01,467.3,2834.4,2.4
2019-03-30,4094.14,467.3,2834.4,2.4
2019-03-31,4094.99,467.3,2834.4,2.4
2019-04-01,4137.0,467.4,2867.19,2.38
2019-04-02,4901.93,467.4,2867.24,2.38
2019-04-03,4975.97,467.4,2873.4,2.38
2019-04-04,4906.49,467.4,2879.39,2.38
2019-04-05,5040.66,467.4,2892.74,2.38
2019-04-06,5049.22,467.4,2892.74,2.38
2019-04-07,5194.79,467.4,2892.74,2.38
2019-04-08,5285.54,467.4,2895.77,2.38
2019-04-09,5187.21,467.4,2878.2,2.38
2019-04-10,5318.58,467.4,2888.21,2.38
2019-04-11,5041.3,467.4,2888.32,2.38
2019-04-12,5078.19,467.4,2907.41,2.38
2019-04-13,5066.22,467.4,2907.41,2.38
2019-04-14,5164.27,467.4,2907.41,2.38
2019-04-15,5029.99,467.4,2905.58,2.38
2019-04-16,5202.9,467.4,2907.06,2.38
2019-04-17,5227.0,467.4,2900.45,2.38
2019-04-18,5280.49,467.4,2905.03,2.38
2019-04-19,5290.36,467.4,2905.03,2.38
2019-04-20,5319.89,467.4,2905.03,2.38
2019-04-21,5297.64,467.4,2905.03,2.38
2019-04-22,5387.6,467.4,2907.97,2.38
2019-04-23,5532.75,467.4,2933.68,2.38
2019-04-24,5441.9,467.4,2927.25,2.38
2019-04-25,5134.81,467.4,2926.17,2.38
2019-04-26,5159.51,467.4,2939.88,2.38
2019-04-27,5170.6,467.4,2939.88,2.38
2019-04-28,5155.0,467.4,2939.88,2.38
2019-04-29,5148.25,467.4,2943.03,2.38
2019-04-30,5270.69,467.4,2945.83,2.38
2019-05-01,5321.15,463.7,2923.73,2.35
2019-05-02,5390.01,463.7,2917.52,2.35
2019-05-03,5657.4,463.7,2945.64,2.35
2019-05-04,5770.01,463.7,2945.64,2.35
2019-05-05,5715.86,463.7,2945.64,2.35
2019-05-06,5687.9,463.7,2932.47,2.35
2019-05-07,5748.45,463.7,2884.05,2.35
2019-05-08,5948.41,463.7,2879.42,2.35
2019-05-09,6153.09,463.7,2870.72,2.35
2019-05-10,6343.14,463.7,2881.4,2.35
2019-05-11,7219.95,463.7,2881.4,2.35
2019-05-12,6979.76,463.7,2881.4,2.35
2019-05-13,7824.93,463.7,2811.87,2.35
2019-05-14,7990.92,463.7,2834.41,2.35
2019-05-15,8203.32,463.7,2850.96,2.35
2019-05-16,7878.96,463.7,2876.32,2.35
2019-05-17,7363.69,463.7,2859.53,2.35
2019-05-18,7262.4,463.7,2859.53,2.35
2019-05-19,8200.0,463.7,2859.53,2.35
2019-05-20,7999.54,463.7,2840.23,2.35
2019-05-21,7951.7,463.7,2864.36,2.35
2019-05-22,7626.48,463.7,2856.27,2.35
2019-05-23,7881.98,463.7,2822.24,2.35
2019-05-24,7994.88,463.7,2826.06,2.35
2019-05-25,8067.41,463.7,2826.06,2.35
2019-05-26,8760.03,463.7,2826.06,2.35
2019-05-27,8783.25,463.7,2826.06,2.35
2019-05-28,8686.5,463.7,2802.39,2.35
2019-05-29,8660.5,463.7,2783.02,2.35
2019-05-30,8273.57,463.7,2788.86,2.35
2019-05-31,8550.18,463.7,2752.06,2.35
2019-06-01,8558.01,481.8,2752.06,2.17
2019-06-02,8741.17,481.8,2752.06,2.17
2019-06-03,8015.01,481.8,2744.45,2.17
2019-06-04,7688.26,481.8,2803.27,2.17
2019-06-05,7766.91,481.8,2826.15,2.17
2019-06-06,7812.15,481.8,2843.49,2.17
2019-06-07,7992.17,481.8,2873.34,2.17
2019-06-08,7938.64,481.8,2873.34,2.17
2019-06-09,7623.84,481.8,2873.34,2.17
2019-06-10,8046.13,481.8,2886.73,2.17
2019-06-11,7918.2,481.8,2885.72,2.17
2019-06-12,8169.01,481.8,2879.84,2.17
2019-06-13,8256.0,481.8,2891.64,2.17
2019-06-14,8693.98,481.8,2886.98,2.17
2019-06-15,8861.33,481.8,2886.98,2.17
2019-06-16,8996.95,481.8,2886.98,2.17
2019-06-17,9346.47,481.8,2889.67,2.17
2019-06-18,9089.99,481.8,2917.75,2.17
2019-06-19,9283.99,481.8,2926.46,2.17
2019-06-20,9542.6,481.8,2954.18,2.17
2019-06-21,10175.88,481.8,2950.46,2.17
2019-06-22,10658.3,481.8,2950.46,2.17
2019-06-23,10808.53,481.8,2950.46,2.17
2019-06-24,11040.03,481.8,2945.35,2.17
2019-06-25,11736.99,481.8,2917.38,2.17
2019-06-26,12902.52,481.8,2913.78,2.17
2019-06-27,11127.4,481.8,2924.92,2.17
2019-06-28,12317.73,481.8,2941.76,2.17
2019-06-29,11913.73,481.8,2941.76,2.17
2019-06-30,10778.74,481.8,2941.76,2.17
2019-07-01,10570.62,506.1,2964.33,2.1
2019-07-02,10885.01,506.1,2973.01,2.1
2019-07-03,12022.61,506.1,2995.82,2.1
2019-07-04,11130.95,506.1,2995.82,2.1
2019-07-05,11038.61,506.1,2990.41,2.1
2019-07-06,11187.8,506.1,2990.41,2.1
2019-07-07,11478.9,506.1,2990.41,2.1
2019-07-08,12298.31,506.1,2975.95,2.1
2019-07-09,12559.46,506.1,2979.63,2.1
2019-07-10,12083.13,506.1,2993.07,2.1
2019-07-11,11323.95,506.1,2999.91,2.1
2019-07-12,11811.99,506.1,3013.77,2.1
2019-07-13,11408.1,506.1,3013.77,2.1
2019-07-14,10190.36,506.1,3013.77,2.1
2019-07-15,10855.56,506.1,3014.3,2.1
2019-07-16,9436.0,506.1,3004.04,2.1
2019-07-17,9708.55,506.1,2984.42,2.1
2019-07-18,10654.25,506.1,2995.11,2.1
2019-07-19,10548.04,506.1,2976.61,2.1
2019-07-20,10754.92,506.1,2976.61,2.1
2019-07-21,10633.54,506.1,2976.61,2.1
2019-07-22,10304.64,506.1,2985.03,2.1
2019-07-23,9833.19,506.1,3005.47,2.1
2019-07-24,9751.24,506.1,3019.56,2.1
2019-07-25,9880.67,506.1,3003.67,2.1
2019-07-26,9841.96,506.1,3025.86,2.1
2019-07-27,9468.92,506.1,3025.86,2.1
2019-07-28,9549.7,506.1,3025.86,2.1
2019-07-29,9503.32,506.1,3020.97,2.1
2019-07-30,9580.0,506.1,3013.18,2.1
2019-07-31,10099.0,506.1,2980.38,2.1
2019-08-01,10417.24,537.7,2953.56,1.95
2019-08-02,10533.07,537.7,2932.05,1.95
2019-08-03,10820.75,537.7,2932.05,1.95
2019-08-04,10997.82,537.7,2932.05,1.95
2019-08-05,11775.14,537.7,2844.74,1.95
2019-08-06,11440.08,537.7,2881.77,1.95
2019-08-07,12014.41,537.7,2883.98,1.95
2019-08-08,12017.89,537.7,2938.09,1.95
2019-08-09,11889.0,537.7,2918.65,1.95
2019-08-10,11283.82,537.7,2918.65,1.95
2019-08-11,11531.95,537.7,2918.65,1.95
2019-08-12,11387.38,537.7,2883.75,1.95
2019-08-13,10855.58,537.7,2926.32,1.95
2019-08-14,10105.34,537.7,2840.6,1.95
2019-08-15,10280.96,537.7,2847.6,1.95
2019-08-16,10368.83,537.7,2888.68,1.95
2019-08-17,10218.37,537.7,2888.68,1.95
2019-08-18,10309.04,537.7,2888.68,1.95
2019-08-19,10935.67,537.7,2923.65,1.95
2019-08-20,10770.99,537.7,2900.51,1.95
2019-08-21,10137.75,537.7,2924.43,1.95
2019-08-22,10088.89,537.7,2922.95,1.95
2019-08-23,10415.01,537.7,2847.11,1.95
2019-08-24,10156.0,537.7,2847.11,1.95
2019-08-25,10148.5,537.7,2847.11,1.95
2019-08-26,10373.75,537.7,2878.38,1.95
2019-08-27,10170.16,537.7,2869.16,1.95
2019-08-28,9710.38,537.7,2887.94,1.95
2019-08-29,9525.0,537.7,2924.58,1.95
2019-08-30,9580.6,537.7,2926.46,1.95
2019-08-31,9593.95,537.7,2926.46,1.95
2019-09-01,9769.64,554.7,2926.46,1.89
2019-09-02,10405.05,554.7,2926.46,1.89
2019-09-03,10628.46,554.7,2906.27,1.89
2019-09-04,10585.67,554.7,2937.78,1.89
2019-09-05,10574.27,554.7,2976.0,1.89
2019-09-06,10318.8,554.7,2978.71,1.89
2019-09-07,10484.87,554.7,2978.71,1.89
2019-09-08,10395.17,554.7,2978.71,1.89
2019-09-09,10310.01,554.7,2978.43,1.89
2019-09-10,10090.01,554.7,2979.39,1.89
2019-09-11,10169.49,554.7,3000.93,1.89
2019-09-12,10437.19,554.7,3009.57,1.89
2019-09-13,10381.91,554.7,3007.39,1.89
2019-09-14,10360.2,554.7,3007.39,1.89
2019-09-15,10306.65,554.7,3007.39,1.89
2019-09-16,10268.77,554.7,2997.96,1.89
2019-09-17,10185.14,554.7,3005.7,1.89
2019-09-18,10155.26,554.7,3006.73,1.89
2019-09-19,10304.94,554.7,3006.79,1.89
2019-09-20,10168.44,554.7,2992.07,1.89
2019-09-21,9982.39,554.7,2992.07,1.89
2019-09-22,10035.0,554.7,2992.07,1.89
2019-09-23,9683.89,554.7,2991.78,1.89
2019-09-24,8556.43,554.7,2966.6,1.89
2019-09-25,8446.57,554.7,2984.87,1.89
2019-09-26,8063.0,554.7,2977.62,1.89
2019-09-27,8193.98,554.7,2961.79,1.89
2019-09-28,8228.22,554.7,2961.79,1.89
2019-09-29,8063.06,554.7,2961.79,1.89
2019-09-30,8305.14,554.7,2976.74,1.89
2019-10-01,8323.43,541.5,2940.25,1.65
2019-10-02,8396.0,541.5,2887.61,1.65
2019-10-03,8241.25,541.5,2910.63,1.65
2019-10-04,8159.71,541.5,2952.01,1.65
2019-10-05,8152.99,541.5,2952.01,1.65
2019-10-06,7862.67,541.5,2952.01,1.65
2019-10-07,8224.82,541.5,2938.79,1.65
2019-10-08,8186.73,541.5,2893.06,1.65
2019-10-09,8600.0,541.5,2919.4,1.65
2019-10-10,8589.01,541.5,2938.13,1.65
2019-10-11,8263.64,541.5,2970.27,1.65
2019-10-12,8304.1,541.5,2970.27,1.65
2019-10-13,8280.01,541.5,2970.27,1.65
2019-10-14,8363.0,541.5,2966.15,1.65
2019-10-15,8156.52,541.5,2995.68,1.65
2019-10-16,7993.0,541.5,2989.69,1.65
2019-10-17,8077.0,541.5,2997.95,1.65
2019-10-18,7954.16,541.5,2986.2,1.65
2019-10-19,7965.27,541.5,2986.2,1.65
2019-10-20,8235.44,541.5,2986.2,1.65
2019-10-21,8214.58,541.5,3006.72,1.65
2019-10-22,8008.04,541.5,2995.99,1.65
2019-10-23,7473.42,541.5,3004.52,1.65
2019-10-24,7439.29,541.5,3010.29,1.65
2019-10-25,8704.85,541.5,3022.55,1.65
2019-10-26,9281.27,541.5,3022.55,1.65
2019-10-27,9570.58,541.5,3022.55,1.65
2019-10-28,9221.96,541.5,3039.42,1.65
2019-10-29,9431.27,541.5,3036.89,1.65
2019-10-30,9175.77,541.5,3046.77,1.65
2019-10-31,9146.75,541.5,3037.56,1.65
2019-11-01,9268.0,539.2,3066.91,1.54
2019-11-02,9320.0,539.2,3066.91,1.54
2019-11-03,9215.01,539.2,3066.91,1.54
2019-11-04,9414.0,539.2,3078.27,1.54
2019-11-05,9314.99,539.2,3074.62,1.54
2019-11-06,9343.11,539.2,3076.78,1.54
2019-11-07,9196.71,539.2,3085.18,1.54
2019-11-08,8758.69,539.2,3093.08,1.54
2019-11-09,8798.38,539.2,3093.08,1.54
2019-11-10,9036.82,539.2,3093.08,1.54
2019-11-11,8720.61,539.2,3087.01,1.54
2019-11-12,8823.65,539.2,3091.84,1.54
2019-11-13,8765.61,539.2,3094.04,1.54
2019-11-14,8630.01,539.2,3096.63,1.54
2019-11-15,8460.0,539.2,3120.46,1.54
2019-11-16,8488.0,539.2,3120.46,1.54
2019-11-17,8500.01,539.2,3120.46,1.54
2019-11-18,8160.73,539.2,3122.03,1.54
2019-11-19,8123.36,539.2,3120.18,1.54
2019-11-20,8082.96,539.2,3108.46,1.54
2019-11-21,7618.76,539.2,3103.54,1.54
2019-11-22,7296.45,539.2,3110.29,1.54
2019-11-23,7338.92,539.2,3110.29,1.54
2019-11-24,6906.25,539.2,3110.29,1.54
2019-11-25,7125.0,539.2,3133.64,1.54
2019-11-26,7155.0,539.2,3140.52,1.54
2019-11-27,7539.4,539.2,3153.63,1.54
2019-11-28,7413.05,539.2,3153.63,1.54
2019-11-29,7751.29,539.2,3140.98,1.54
2019-11-30,7551.7,539.2,3140.98,1.54
2019-12-01,7413.84,533.9,3140.98,1.54
2019-12-02,7315.09,533.9,3113.87,1.54
2019-12-03,7296.0,533.9,3093.2,1.54
2019-12-04,7185.57,533.9,3112.76,1.54
2019-12-05,7388.75,533.9,3117.43,1.54
2019-12-06,7560.76,533.9,3145.91,1.54
2019-12-07,7502.2,533.9,3145.91,1.54
2019-12-08,7520.0,533.9,3145.91,1.54
2019-12-09,7332.69,533.9,3135.96,1.54
2019-12-10,7215.69,533.9,3132.52,1.54
2019-12-11,7275.17,533.9,3141.63,1.54
2019-12-12,7194.19,533.9,3168.57,1.54
2019-12-13,7249.25,533.9,3168.8,1.54
2019-12-14,7059.55,533.9,3168.8,1.54
2019-12-15,7111.0,533.9,3168.8,1.54
2019-12-16,6877.04,533.9,3191.45,1.54
2019-12-17,6618.62,533.9,3192.52,1.54
2019-12-18,7309.12,533.9,3191.14,1.54
2019-12-19,7153.99,533.9,3205.37,1.54
2019-12-20,7189.87,533.9,3221.22,1.54
2019-12-21,7143.01,533.9,3221.22,1.54
2019-12-22,7550.0,533.9,3221.22,1.54
2019-12-23,7318.18,533.9,3224.01,1.54
2019-12-24,7259.87,533.9,3223.38,1.54
2019-12-25,7194.76,533.9,3223.38,1.54
2019-12-26,7195.0,533.9,3239.91,1.54
2019-12-27,7247.35,533.9,3240.02,1.54
2019-12-28,7303.7,533.9,3240.02,1.54
2019-12-29,7378.53,533.9,3240.02,1.54
2019-12-30,7191.0,533.9,3221.29,1.54
2019-12-31,7158.01,533.9,3230.78,1.54
2020-01-01,7174.32,555.0,3230.78,1.52
2020-01-02,6945.01,555.0,3257.85,1.52
2020-01-03,7335.54,555.0,3234.85,1.52
2020-01-04,7353.5,555.0,3234.85,1.52
2020-01-05,7348.69,555.0,3234.85,1.52
2020-01-06,7773.48,555.0,3246.28,1.52
2020-01-07,8169.95,555.0,3237.18,1.52
2020-01-08,8035.08,555.0,3253.05,1.52
2020-01-09,7813.78,555.0,3274.7,1.52
2020-01-10,8183.89,555.0,3265.35,1.52
2020-01-11,8002.89,555.0,3265.35,1.52
2020-01-12,8192.66,555.0,3265.35,1.52
2020-01-13,8109.62,555.0,3288.13,1.52
2020-01-14,8757.18,555.0,3283.15,1.52
2020-01-15,8831.86,555.0,3289.29,1.52
2020-01-16,8727.22,555.0,3316.81,1.52
2020-01-17,8875.81,555.0,3329.62,1.52
2020-01-18,8901.0,555.0,3329.62,1.52
2020-01-19,8710.41,555.0,3329.62,1.52
2020-01-20,8633.67,555.0,3329.62,1.52
2020-01-21,8730.0,555.0,3320.79,1.52
2020-01-22,8665.0,555.0,3321.75,1.52
2020-01-23,8386.63,555.0,3325.54,1.52
2020-01-24,8424.96,555.0,3295.47,1.52
2020-01-25,8304.04,555.0,3295.47,1.52
2020-01-26,8632.92,555.0,3295.47,1.52
2020-01-27,8903.24,555.0,3243.63,1.52
2020-01-28,9417.64,555.0,3276.24,1.52
2020-01-29,9270.0,555.0,3273.4,1.52
2020-01-30,9493.61,555.0,3283.66,1.52
2020-01-31,9343.28,555.0,3225.52,1.52
2020-02-01,9375.06,568.1,3225.52,1.52
2020-02-02,9314.06,568.1,3225.52,1.52
2020-02-03,9282.29,568.1,3248.92,1.52
2020-02-04,9158.57,568.1,3297.59,1.52
2020-02-05,9623.44,568.1,3334.69,1.52
2020-02-06,9765.96,568.1,3345.78,1.52
2020-02-07,9804.98,568.1,3327.71,1.52
2020-02-08,9911.13,568.1,3327.71,1.52
2020-02-09,10174.81,568.1,3327.71,1.52
2020-02-10,9854.5,568.1,3352.09,1.52
2020-02-11,10279.99,568.1,3357.75,1.52
2020-02-12,10344.01,568.1,3379.45,1.52
2020-02-13,10239.57,568.1,3373.94,1.52
2020-02-14,10380.0,568.1,3380.16,1.52
2020-02-15,9901.34,568.1,3380.16,1.52
2020-02-16,9915.04,568.1,3380.16,1.52
2020-02-17,9711.95,568.1,3380.16,1.52
2020-02-18,10191.51,568.1,3370.29,1.52
2020-02-19,9591.54,568.1,3386.15,1.52
2020-02-20,9610.05,568.1,3373.23,1.52
2020-02-21,9697.01,568.1,3337.75,1.52
2020-02-22,9668.26,568.1,3337.75,1.52
2020-02-23,9964.16,568.1,3337.75,1.52
2020-02-24,9668.08,568.1,3225.89,1.52
2020-02-25,9301.01,568.1,3128.21,1.52
2020-02-26,8776.01,568.1,3116.39,1.52
2020-02-27,8816.71,568.1,2978.76,1.52
2020-02-28,8713.16,568.1,2954.22,1.52
2020-02-29,8552.08,568.1,2954.22,1.52
2020-03-01,8490.3,595.4,2954.22,0.29
2020-03-02,8923.52,595.4,3090.23,0.29
2020-03-03,8769.67,595.4,3003.37,0.29
2020-03-04,8765.0,595.4,3130.12,0.29
2020-03-05,9053.56,595.4,3023.94,0.29
2020-03-06,9162.98,595.4,2972.37,0.29
2020-03-07,8885.68,595.4,2972.37,0.29
2020-03-08,8068.0,595.4,2972.37,0.29
2020-03-09,7945.03,595.4,2746.56,0.29
2020-03-10,7887.01,595.4,2882.23,0.29
2020-03-11,7957.02,595.4,2741.38,0.29
2020-03-12,4980.0,595.4,2480.64,0.29
2020-03-13,5592.77,595.4,2711.02,0.29
2020-03-14,5182.62,595.4,2711.02,0.29
2020-03-15,5327.12,595.4,2711.02,0.29
2020-03-16,5074.2,595.4,2386.13,0.29
2020-03-17,5361.77,595.4,2529.19,0.29
2020-03-18,5426.71,595.4,2398.1,0.29
2020-03-19,6219.99,595.4,2409.39,0.29
2020-03-20,6215.4,595.4,2304.92,0.29
2020-03-21,6168.72,595.4,2304.92,0.29
2020-03-22,5791.69,595.4,2304.92,0.29
2020-03-23,6583.38,595.4,2237.4,0.29
2020-03-24,6742.21,595.4,2447.33,0.29
2020-03-25,6752.83,595.4,2475.56,0.29
2020-03-26,6772.2,595.4,2630.07,0.29
2020-03-27,6320.46,595.4,2541.47,0.29
2020-03-28,6269.81,595.4,2541.47,0.29
2020-03-29,5897.55,595.4,2541.47,0.29
2020-03-30,6401.26,595.4,2626.65,0.29
2020-03-31,6434.73,595.4,2584.59,0.29
2020-04-01,6719.39,583.4,2470.5,0.14
2020-04-02,6789.84,583.4,2526.9,0.14
2020-04-03,6727.99,583.4,2488.65,0.14
2020-04-04,6896.6,583.4,2488.65,0.14
2020-04-05,6779.75,583.4,2488.65,0.14
2020-04-06,7320.07,583.4,2663.68,0.14
2020-04-07,7204.58,583.4,2659.41,0.14
2020-04-08,7343.65,583.4,2749.98,0.14
2020-04-09,7294.69,583.4,2789.82,0.14
2020-04-10,6892.54,583.4,2789.82,0.14
2020-04-11,6891.43,583.4,2789.82,0.14
2020-04-12,6860.97,583.4,2789.82,0.14
2020-04-13,6871.0,583.4,2761.63,0.14
2020-04-14,6865.72,583.4,2846.06,0.14
2020-04-15,6576.76,583.4,2783.36,0.14
2020-04-16,7123.29,583.4,2799.55,0.14
2020-04-17,7055.22,583.4,2874.56,0.14
2020-04-18,7271.53,583.4,2874.56,0.14
2020-04-19,7125.31,583.4,2874.56,0.14
2020-04-20,6832.57,583.4,2823.16,0.14
2020-04-21,6845.0,583.4,2736.56,0.14
2020-04-22,7143.99,583.4,2799.31,0.14
2020-04-23,7479.06,583.4,2797.8,0.14
2020-04-24,7514.64,583.4,2836.74,0.14
2020-04-25,7535.69,583.4,2836.74,0.14
2020-04-26,7765.79,583.4,2836.74,0.14
2020-04-27,7773.0,583.4,2878.48,0.14
2020-04-28,7774.39,583.4,2863.39,0.14
2020-04-29,8789.1,583.4,2939.51,0.14
2020-04-30,8652.3,583.4,2912.43,0.14
2020-05-01,8813.9,617.3,2830.71,0.13
2020-05-02,8992.0,617.3,2830.71,0.13
2020-05-03,8917.63,617.3,2830.71,0.13
2020-05-04,8900.29,617.3,2842.74,0.13
2020-05-05,9037.69,617.3,2868.44,0.13
2020-05-06,9132.24,617.3,2848.42,0.13
2020-05-07,10007.56,617.3,2881.19,0.13
2020-05-08,9790.23,617.3,2929.8,0.13
2020-05-09,9554.91,617.3,2929.8,0.13
2020-05-10,8773.89,617.3,2929.8,0.13
2020-05-11,8557.37,617.3,2930.32,0.13
2020-05-12,8809.14,617.3,2870.12,0.13
2020-05-13,9335.84,617.3,2820.0,0.13
2020-05-14,9815.22,617.3,2852.5,0.13
2020-05-15,9331.18,617.3,2863.7,0.13
2020-05-16,9353.26,617.3,2863.7,0.13
2020-05-17,9700.33,617.3,2863.7,0.13
2020-05-18,9733.21,617.3,2953.91,0.13
2020-05-19,9783.91,617.3,2922.94,0.13
2020-05-20,9497.76,617.3,2971.61,0.13
2020-05-21,9039.12,617.3,2948.51,0.13
2020-05-22,9173.23,617.3,2955.45,0.13
2020-05-23,9166.02,617.3,2955.45,0.13
2020-05-24,8673.64,617.3,2955.45,0.13
2020-05-25,8892.39,617.3,2955.45,0.13
2020-05-26,8836.77,617.3,2991.77,0.13
2020-05-27,9200.0,617.3,3036.13,0.13
2020-05-28,9593.72,617.3,3029.73,0.13
2020-05-29,9426.87,617.3,3044.31,0.13
2020-05-30,9684.6,617.3,3044.31,0.13
2020-05-31,9435.8,617.3,3044.31,0.13
2020-06-01,10212.38,620.8,3055.73,0.16
2020-06-02,9509.35,620.8,3080.82,0.16
2020-06-03,9672.67,620.8,3122.87,0.16
2020-06-04,9799.57,620.8,3112.35,0.16
2020-06-05,9568.95,620.8,3193.93,0.16
2020-06-06,9665.36,620.8,3193.93,0.16
2020-06-07,9764.0,620.8,3193.93,0.16
2020-06-08,9833.94,620.8,3232.39,0.16
2020-06-09,9778.6,620.8,3207.18,0.16
2020-06-10,9899.18,620.8,3190.14,0.16
2020-06-11,9258.7,620.8,3002.1,0.16
2020-06-12,9466.77,620.8,3041.31,0.16
2020-06-13,9477.17,620.8,3041.31,0.16
2020-06-14,9315.71,620.8,3041.31,0.16
2020-06-15,9437.23,620.8,3066.59,0.16
2020-06-16,9534.8,620.8,3124.74,0.16
2020-06-17,9460.53,620.8,3113.49,0.16
2020-06-18,9368.15,620.8,3115.34,0.16
2020-06-19,9285.54,620.8,3097.74,0.16
2020-06-20,9361.81,620.8,3097.74,0.16
2020-06-21,9279.68,620.8,3097.74,0.16
2020-06-22,9700.91,620.8,3117.86,0.16
2020-06-23,9623.74,620.8,3131.29,0.16
2020-06-24,9284.1,620.8,3050.33,0.16
2020-06-25,9232.84,620.8,3083.76,0.16
2020-06-26,9157.22,620.8,3009.05,0.16
2020-06-27,9001.24,620.8,3009.05,0.16
2020-06-28,9122.56,620.8,3009.05,0.16
2020-06-29,9191.05,620.8,3053.24,0.16
2020-06-30,9129.47,620.8,3100.29,0.16
2020-07-01,9239.09,642.6,3115.86,0.13
2020-07-02,9088.54,642.6,3130.01,0.13
2020-07-03,9050.05,642.6,3130.01,0.13
2020-07-04,9138.22,642.6,3130.01,0.13
2020-07-05,9088.52,642.6,3130.01,0.13
2020-07-06,9331.69,642.6,3179.72,0.13
2020-07-07,9263.56,642.6,3145.32,0.13
2020-07-08,9436.01,642.6,3169.94,0.13
2020-07-09,9230.48,642.6,3152.05,0.13
2020-07-10,9298.16,642.6,3185.04,0.13
2020-07-11,9235.0,642.6,3185.04,0.13
2020-07-12,9313.77,642.6,3185.04,0.13
2020-07-13,9230.14,642.6,3155.22,0.13
2020-07-14,9258.34,642.6,3197.52,0.13
2020-07-15,9194.51,642.6,3226.56,0.13
2020-07-16,9130.91,642.6,3215.57,0.13
2020-07-17,9147.65,642.6,3224.73,0.13
2020-07-18,9174.6,642.6,3224.73,0.13
2020-07-19,9221.71,642.6,3224.73,0.13
2020-07-20,9161.13,642.6,3251.84,0.13
2020-07-21,9396.65,642.6,3257.3,0.13
2020-07-22,9546.31,642.6,3276.02,0.13
2020-07-23,9612.05,642.6,3235.66,0.13
2020-07-24,9553.41,642.6,3215.63,0.13
2020-07-25,9709.02,642.6,3215.63,0.13
2020-07-26,9944.58,642.6,3215.63,0.13
2020-07-27,11108.44,642.6,3239.41,0.13
2020-07-28,10952.85,642.6,3218.44,0.13
2020-07-29,11100.39,642.6,3258.44,0.13
2020-07-30,11139.67,642.6,3246.22,0.13
2020-07-31,11372.76,642.6,3271.12,0.13
2020-08-01,11805.82,730.8,3271.12,0.1
2020-08-02,11050.03,730.8,3271.12,0.1
2020-08-03,11235.44,730.8,3294.61,0.1
2020-08-04,11198.04,730.8,3306.51,0.1
2020-08-05,11737.59,730.8,3327.77,0.1
2020-08-06,11766.62,730.8,3349.16,0.1
2020-08-07,11598.96,730.8,3351.28,0.1
2020-08-08,11780.14,730.8,3351.28,0.1
2020-08-09,11692.76,730.8,3351.28,0.1
2020-08-10,11896.19,730.8,3360.47,0.1
2020-08-11,11387.01,730.8,3333.69,0.1
2020-08-12,11563.16,730.8,3380.35,0.1
2020-08-13,11824.99,730.8,3373.43,0.1
2020-08-14,11785.29,730.8,3372.85,0.1
2020-08-15,11854.27,730.8,3372.85,0.1
2020-08-16,11924.0,730.8,3372.85,0.1
2020-08-17,12325.1,730.8,3381.99,0.1
2020-08-18,11983.52,730.8,3389.78,0.1
2020-08-19,11764.8,730.8,3374.85,0.1
2020-08-20,11856.24,730.8,3385.51,0.1
2020-08-21,11526.32,730.8,3397.16,0.1
2020-08-22,11675.78,730.8,3397.16,0.1
2020-08-23,11650.03,730.8,3397.16,0.1
2020-08-24,11762.34,730.8,3431.28,0.1
2020-08-25,11324.86,730.8,3443.62,0.1
2020-08-26,11460.01,730.8,3478.73,0.1
2020-08-27,11341.73,730.8,3484.55,0.1
2020-08-28,11540.0,730.8,3508.01,0.1
2020-08-29,11468.56,730.8,3508.01,0.1
2020-08-30,11724.99,730.8,3508.01,0.1
2020-08-31,11665.93,730.8,3500.31,0.1
2020-09-01,11911.74,707.7,3526.65,0.11
2020-09-02,11390.12,707.7,3580.84,0.11
2020-09-03,10225.82,707.7,3455.06,0.11
2020-09-04,10225.82,707.7,3426.96,0.11
2020-09-05,10152.97,707.7,3426.96,0.11
2020-09-06,10255.2,707.7,3426.96,0.11
2020-09-07,10389.85,707.7,3426.96,0.11
2020-09-08,10123.21,707.7,3331.84,0.11
2020-09-09,10235.0,707.7,3398.96,0.11
2020-09-10,10345.95,707.7,3339.19,0.11
2020-09-11,10399.99,707.7,3340.97,0.11
2020-09-12,10444.01,707.7,3340.97,0.11
2020-09-13,10336.28,707.7,3340.97,0.11
2020-09-14,10679.33,707.7,3383.54,0.11
2020-09-15,10789.8,707.7,3401.2,0.11
2020-09-16,10953.38,707.7,3385.49,0.11
2020-09-17,10947.83,707.7,3357.01,0.11
2020-09-18,10942.2,707.7,3319.47,0.11
2020-09-19,11075.33,707.7,3319.47,0.11
2020-09-20,10911.59,707.7,3319.47,0.11
2020-09-21,10425.85,707.7,3281.06,0.11
2020-09-22,10529.01,707.7,3315.57,0.11
2020-09-23,10230.11,707.7,3236.92,0.11
2020-09-24,10741.0,707.7,3246.59,0.11
2020-09-25,10693.3,707.7,3298.46,0.11
2020-09-26,10730.23,707.7,3298.46,0.11
2020-09-27,10792.18,707.7,3298.46,0.11
2020-09-28,10681.01,707.7,3351.6,0.11
2020-09-29,10845.9,707.7,3335.47,0.11
2020-09-30,10783.24,707.7,3363.0,0.11
2020-10-01,10598.64,690.2,3380.8,0.1
2020-10-02,10577.92,690.2,3348.44,0.1
2020-10-03,10545.21,690.2,3348.44,0.1
2020-10-04,10662.36,690.2,3348.44,0.1
2020-10-05,10800.0,690.2,3408.63,0.1
2020-10-06,10594.15,690.2,3360.95,0.1
2020-10-07,10671.23,690.2,3419.45,0.1
2020-10-08,10926.71,690.2,3446.83,0.1
2020-10-09,11059.3,690.2,3477.13,0.1
2020-10-10,11303.56,690.2,3477.13,0.1
2020-10-11,11370.45,690.2,3477.13,0.1
2020-10-12,11534.83,690.2,3534.22,0.1
2020-10-13,11434.36,690.2,3511.93,0.1
2020-10-14,11426.87,690.2,3488.67,0.1
2020-10-15,11509.25,690.2,3483.34,0.1
2020-10-16,11329.33,690.2,3483.81,0.1
2020-10-17,11365.96,690.2,3483.81,0.1
2020-10-18,11516.56,690.2,3483.81,0.1
2020-10-19,11765.09,690.2,3426.92,0.1
2020-10-20,11917.34,690.2,3443.12,0.1
2020-10-21,12836.37,690.2,3435.56,0.1
2020-10-22,12977.02,690.2,3453.49,0.1
2020-10-23,12943.03,690.2,3465.39,0.1
2020-10-24,13120.87,690.2,3465.39,0.1
2020-10-25,13050.32,690.2,3465.39,0.1
2020-10-26,13072.95,690.2,3400.97,0.1
2020-10-27,13698.18,690.2,3390.68,0.1
2020-10-28,13280.0,690.2,3271.03,0.1
2020-10-29,13460.0,690.2,3310.11,0.1
2020-10-30,13582.97,690.2,3269.96,0.1
2020-10-31,13745.02,690.2,3269.96,0.1
2020-11-01,13784.52,694.6,3269.96,0.09
2020-11-02,13573.93,694.6,3310.24,0.09
2020-11-03,14050.59,694.6,3369.16,0.09
2020-11-04,14160.0,694.6,3443.44,0.09
2020-11-05,15636.6,694.6,3510.45,0.09
2020-11-06,15596.33,694.6,3509.44,0.09
2020-11-07,14814.62,694.6,3509.44,0.09
2020-11-08,15487.88,694.6,3509.44,0.09
2020-11-09,15334.37,694.6,3550.5,0.09
2020-11-10,15325.25,694.6,3545.53,0.09
2020-11-11,15723.81,694.6,3572.66,0.09
2020-11-12,16319.72,694.6,3537.01,0.09
2020-11-13,16339.59,694.6,3585.15,0.09
2020-11-14,16093.3,694.6,3585.15,0.09
2020-11-15,15946.64,694.6,3585.15,0.09
2020-11-16,16714.58,694.6,3626.91,0.09
2020-11-17,17660.9,694.6,3609.53,0.09
2020-11-18,17802.82,694.6,3567.79,0.09
2020-11-19,17804.44,694.6,3581.87,0.09
2020-11-20,18702.87,694.6,3557.54,0.09
2020-11-21,18710.14,694.6,3557.54,0.09
2020-11-22,18477.48,694.6,3557.54,0.09
2020-11-23,18391.21,694.6,3577.59,0.09
2020-11-24,19185.07,694.6,3635.41,0.09
2020-11-25,18706.15,694.6,3629.65,0.09
2020-11-26,17173.0,694.6,3629.65,0.09
2020-11-27,17156.99,694.6,3638.35,0.09
2020-11-28,17718.3,694.6,3638.35,0.09
2020-11-29,18238.52,694.6,3638.35,0.09
2020-11-30,19727.0,694.6,3621.63,0.09
2020-12-01,18763.35,658.5,3662.45,0.09
2020-12-02,19245.61,658.5,3669.01,0.09
2020-12-03,19430.07,658.5,3666.72,0.09
2020-12-04,18692.32,658.5,3699.12,0.09
2020-12-05,19156.82,658.5,3699.12,0.09
2020-12-06,19397.08,658.5,3699.12,0.09
2020-12-07,19202.88,658.5,3691.96,0.09
2020-12-08,18311.76,658.5,3702.25,0.09
2020-12-09,18550.01,658.5,3672.82,0.09
2020-12-10,18286.8,658.5,3668.1,0.09
2020-12-11,18048.14,658.5,3663.46,0.09
2020-12-12,18826.36,658.5,3663.46,0.09
2020-12-13,19133.04,658.5,3663.46,0.09
2020-12-14,19288.43,658.5,3647.49,0.09
2020-12-15,19451.34,658.5,3694.62,0.09
2020-12-16,21384.63,658.5,3701.17,0.09
2020-12-17,22830.34,658.5,3722.48,0.09
2020-12-18,23169.26,658.5,3709.41,0.09
2020-12-19,23814.91,658.5,3709.41,0.09
2020-12-20,23451.68,658.5,3709.41,0.09
2020-12-21,22777.26,658.5,3694.92,0.09
2020-12-22,23839.99,658.5,3687.26,0.09
2020-12-23,23196.57,658.5,3690.01,0.09
2020-12-24,23740.01,658.5,3703.06,0.09
2020-12-25,24736.42,658.5,3703.06,0.09
2020-12-26,26519.1,658.5,3703.06,0.09
2020-12-27,26320.06,658.5,3703.06,0.09
2020-12-28,27044.14,658.5,3735.36,0.09
2020-12-29,27407.85,658.5,3727.04,0.09
2020-12-30,28934.56,658.5,3732.04,0.09
2020-12-31,29026.97,658.5,3756.07,0.09
2021-01-01,29391.09,696.6,3756.07,0.08
2021-01-02,32244.73,696.6,3756.07,0.08
2021-01-03,33134.1,696.6,3756.07,0.08
2021-01-04,32127.31,696.6,3700.65,0.08
2021-01-05,34131.23,696.6,3726.86,0.08
2021-01-06,36979.81,696.6,3748.14,0.08
2021-01-07,39573.39,696.6,3803.79,0.08
2021-01-08,40666.72,696.6,3824.68,0.08
2021-01-09,40346.3,696.6,3824.68,0.08
2021-01-10,38242.02,696.6,3824.68,0.08
2021-01-11,35474.31,696.6,3799.61,0.08
2021-01-12,33968.43,696.6,3801.19,0.08
2021-01-13,37520.66,696.6,3809.84,0.08
2021-01-14,39171.12,696.6,3795.54,0.08
2021-01-15,36868.39,696.6,3768.25,0.08
2021-01-16,35869.47,696.6,3768.25,0.08
2021-01-17,35931.15,696.6,3768.25,0.08
2021-01-18,36765.97,696.6,3768.25,0.08
2021-01-19,35673.03,696.6,3798.91,0.08
2021-01-20,35570.44,696.6,3851.85,0.08
2021-01-21,30647.26,696.6,3853.07,0.08
2021-01-22,32885.51,696.6,3841.47,0.08
2021-01-23,32021.33,696.6,3841.47,0.08
2021-01-24,32250.01,696.6,3841.47,0.08
2021-01-25,31979.0,696.6,3855.36,0.08
2021-01-26,32579.82,696.6,3849.62,0.08
2021-01-27,30552.06,696.6,3750.77,0.08
2021-01-28,33484.8,696.6,3787.38,0.08
2021-01-29,34330.14,696.6,3714.24,0.08
2021-01-30,34229.25,696.6,3714.24,0.08
2021-01-31,33076.09,696.6,3714.24,0.08
2021-02-01,33457.6,661.7,3773.86,0.04
2021-02-02,35511.07,661.7,3826.31,0.04
2021-02-03,37769.41,661.7,3830.17,0.04
2021-02-04,37070.87,661.7,3871.74,0.04
2021-02-05,38376.86,661.7,3886.83,0.04
2021-02-06,38995.52,661.7,3886.83,0.04
2021-02-07,38888.74,661.7,3886.83,0.04
2021-02-08,46674.44,661.7,3915.59,0.04
2021-02-09,46595.44,661.7,3911.23,0.04
2021-02-10,44887.29,661.7,3909.88,0.04
2021-02-11,48121.0,661.7,3916.38,0.04
2021-02-12,47524.18,661.7,3934.83,0.04
2021-02-13,47274.23,661.7,3934.83,0.04
2021-02-14,48703.26,661.7,3934.83,0.04
2021-02-15,47911.87,661.7,3934.83,0.04
2021-02-16,49257.23,661.7,3932.59,0.04
2021-02-17,52269.84,661.7,3931.33,0.04
2021-02-18,51644.16,661.7,3913.97,0.04
2021-02-19,56029.51,661.7,3906.71,0.04
2021-02-20,55960.05,661.7,3906.71,0.04
2021-02-21,57538.47,661.7,3906.71,0.04
2021-02-22,54130.33,661.7,3876.5,0.04
2021-02-23,48972.11,661.7,3881.37,0.04
2021-02-24,49789.99,661.7,3925.43,0.04
2021-02-25,46927.73,661.7,3829.34,0.04
2021-02-26,46360.17,661.7,3811.15,0.04
2021-02-27,45973.56,661.7,3811.15,0.04
2021-02-28,45352.29,661.7,3811.15,0.04
2021-03-01,49652.19,622.7,3901.82,0.03
2021-03-02,48368.22,622.7,3870.29,0.03
2021-03-03,50164.67,622.7,3819.72,0.03
2021-03-04,48327.39,622.7,3768.47,0.03
2021-03-05,48908.09,622.7,3841.94,0.03
2021-03-06,48986.85,622.7,3841.94,0.03
2021-03-07,50858.34,622.7,3841.94,0.03
2021-03-08,52472.59,622.7,3821.35,0.03
2021-03-09,54999.99,622.7,3875.44,0.03
2021-03-10,56046.27,622.7,3898.81,0.03
2021-03-11,57911.02,622.7,3939.34,0.03
2021-03-12,57174.89,622.7,3943.34,0.03
2021-03-13,61130.22,622.7,3943.34,0.03
2021-03-14,59192.98,622.7,3943.34,0.03
2021-03-15,55430.19,622.7,3968.94,0.03
2021-03-16,57126.52,622.7,3962.71,0.03
2021-03-17,59221.23,622.7,3974.12,0.03
2021-03-18,57562.46,622.7,3915.46,0.03
2021-03-19,58001.29,622.7,3913.1,0.03
2021-03-20,58051.01,622.7,3913.1,0.03
2021-03-21,57402.03,622.7,3913.1,0.03
2021-03-22,54230.21,622.7,3940.59,0.03
2021-03-23,54268.81,622.7,3910.52,0.03
2021-03-24,52294.65,622.7,3889.14,0.03
2021-03-25,51386.2,622.7,3909.52,0.03
2021-03-26,55314.11,622.7,3974.54,0.03
2021-03-27,55932.18,622.7,3974.54,0.03
2021-03-28,55821.59,622.7,3974.54,0.03
2021-03-29,57630.72,622.7,3971.09,0.03
2021-03-30,58800.0,622.7,3958.55,0.03
2021-03-31,58837.71,622.7,3972.89,0.03
2021-04-01,58768.84,622.7,4019.87,0.03
2021-04-02,59019.55,622.7,4019.87,0.03
2021-04-03,56731.0,622.7,4019.87,0.03
2021-04-04,58266.39,622.7,4019.87,0.03
2021-04-05,59200.0,622.7,4077.91,0.03
2021-04-06,58018.31,622.7,4073.94,0.03
2021-04-07,55962.11,622.7,4079.95,0.03
2021-04-08,58108.65,622.7,4097.17,0.03
2021-04-09,58126.14,622.7,4128.8,0.03
2021-04-10,60039.35,622.7,4128.8,0.03
2021-04-11,60133.37,622.7,4128.8,0.03
2021-04-12,59903.04,622.7,4127.99,0.03
2021-04-13,63660.94,622.7,4141.59,0.03
2021-04-14,63283.43,622.7,4124.66,0.03
2021-04-15,63346.93,622.7,4170.42,0.03
2021-04-16,61486.08,622.7,4185.47,0.03
2021-04-17,60199.33,622.7,4185.47,0.03
2021-04-18,56351.2,622.7,4185.47,0.03
2021-04-19,55797.39,622.7,4163.26,0.03
2021-04-20,56514.9,622.7,4134.94,0.03
2021-04-21,53919.48,622.7,4173.42,0.03
2021-04-22,51653.27,622.7,4134.98,0.03
2021-04-23,51231.69,622.7,4180.17,0.03
2021-04-24,50167.5,622.7,4180.17,0.03
2021-04-25,49272.06,622.7,4180.17,0.03
2021-04-26,53969.71,622.7,4187.62,0.03
2021-04-27,55120.81,622.7,4186.72,0.03
2021-04-28,54964.11,622.7,4183.18,0.03
